dispatch_ts,mode_type,location_type,street,xstreet1,xstreet2,lat,long
2023-02-16 01:01:31+00,mv,Intersection,,PIER 4 BLVD,SEAPORT BLVD,42.35099289108352,-71.04396613493486
2026-05-19 14:49:14+00,mv,Street,BOSTON ST,FATHER ANTHONY SONGIN WAY,INTERSTATE 93 N,42.327743130361604,-71.05803951798615
2023-03-23 16:00:45+00,ped,Intersection,,A ST,W FOURTH ST,42.34113120346945,-71.05631878717512
2024-07-13 04:51:25+00,mv,Street,SOUTHAMPTON ST,ELLERY ST,BOSTON ST,42.32958414433949,-71.057448468386
2023-04-02 07:27:48+00,mv,Street,OLD COLONY AVE,DORCHESTER ST,MITCHELL ST,42.33187916666977,-71.0532335400393
2026-04-13 18:25:58+00,mv,Intersection,,COLUMBIA RD,OLD HARBOR ST,42.330452044676974,-71.04739178263705
2025-03-14 15:46:16+00,mv,Intersection,,FARRAGUT RD,E BROADWAY,42.33582268653178,-71.02505567924523
2023-06-03 01:44:07+00,ped,Intersection,,SEAPORT BLVD,BOSTON WHARF RD,42.351711172836254,-71.04554313267623
2025-08-09 18:59:56+00,bike,Intersection,,WEST SIDE DR,SUMMER ST,42.347928425331475,-71.04547878230733
2024-05-15 19:00:09+00,mv,Intersection,,OLD COLONY AVE,LARK ST,42.33283875600708,-71.0538133647556
2024-09-02 15:18:04+00,bike,Street,WILLIAM J DAY BLVD,E FIRST ST,DEAD END,42.33881973284135,-71.0178184811305
2025-06-06 17:47:11+00,mv,Street,I90 ,,,42.352084628909786,-71.02930743982168
2024-05-09 14:29:28+00,mv,Other,,,,42.32765628099736,-71.05859532046028
2026-01-02 03:29:31+00,mv,Street,I93 ,,,42.354912862121544,-71.05200099886035
2023-07-15 16:40:16+00,bike,Street,PREBLE ST,WENDELL PL,LIBERTY PL,42.329241971243626,-71.0536816445503
2025-08-01 02:39:17+00,ped,Street,SEVENTH ST,DORCHESTER AVE,DALESSIO CT,42.3381831849771,-71.0569193818988
2025-05-10 20:51:04+00,mv,Intersection,,E ST,W BROADWAY,42.337828760200324,-71.04928594947985
2026-03-14 00:02:55+00,mv,Street,FOURTH ST,DORCHESTER AVE,A ST,42.34131697065002,-71.05665071060368
2025-03-24 22:39:02+00,mv,Other,,,,42.34854396643575,-71.05751222377758
2023-07-26 16:29:23+00,bike,Intersection,,E FIRST ST,SUMMER ST,42.33816144991679,-71.03548938162207
2025-09-05 16:23:22+00,mv,Street,FIFTH ST,F ST,DORCHESTER ST,42.33483814686561,-71.04830923270991
2024-05-30 06:04:22+00,mv,Street,COLUMBIA RD,JAMES ONEILL ST,COLUMBIA ROAD ROTARY,42.329797674081554,-71.05136942343331
2025-01-05 00:58:42+00,mv,Intersection,,KNEELAND ST,LINCOLN ST,42.349962811525785,-71.05891466455644
2026-01-08 22:24:58+00,bike,Intersection,,SUMMER ST,DORCHESTER AVE,42.35148086608174,-71.05282401467686
2023-02-21 12:53:54+00,mv,Street,I93 ,,,42.3505153403427,-71.0564272409312
2024-05-11 16:39:43+00,mv,Street,CONGRESS ST,D ST,PORT LN,42.347737273714806,-71.03961662315034
2025-07-08 11:15:59+00,mv,Street,MASSPORT HAUL RD,PUMPHOUSE RD,RAMP,42.34594431602645,-71.03981454950149
2023-03-17 08:28:39+00,mv,Other,,,,42.34854396643575,-71.05751222377758
2023-11-09 19:43:38+00,mv,Intersection,,OLD COLONY AVE,PREBLE ST,42.32922413817151,-71.05260013294145
2023-09-23 16:30:43+00,mv,Intersection,,DORCHESTER ST,OLD COLONY AVE,42.3316007144107,-71.05304791839848
2025-09-15 02:06:27+00,mv,Street,I93 ,,,42.349407608078025,-71.05986587860497
2024-11-06 21:06:43+00,mv,Intersection,,SUMMER ST,ATLANTIC AVE,42.3526299347741,-71.0553660838902
2025-09-12 19:24:41+00,mv,Intersection,,W SEVENTH ST,DORCHESTER ST,42.33355802332736,-71.04968469502461
2025-02-21 19:47:15+00,mv,Street,SUMMER ST,WEST SIDE DR,WORLD TRADE CENTER AVE,42.347343999893965,-71.0444300009593
2026-07-18 11:17:50+00,mv,Street,FEDERAL ST,HIGH ST,MILTON PL,42.35363441666833,-71.05617742945337
2023-07-09 03:00:56+00,mv,Other,,,,42.34681618002979,-71.03770609115873
2024-07-14 01:12:47+00,mv,Street,I90 ,,,42.35596016100973,-71.02716298252922
2023-01-27 14:32:31+00,ped,Intersection,,LINCOLN ST,ESSEX ST,42.35233705515977,-71.05800629650564
2023-07-28 06:47:01+00,ped,Street,SEAPORT BLVD,THOMSON PL,SLEEPER ST,42.35276785940946,-71.04750715317628
2025-12-11 15:40:46+00,mv,Street,A ST,GOLD ST,W FOURTH ST,42.341037850568966,-71.05641738377876
2026-07-19 12:44:04+00,ped,Intersection,,TELEGRAPH ST,DORCHESTER ST,42.33294756404748,-71.05084076537767
2023-01-03 01:17:22+00,mv,Street,I90 ,,,42.35596016100973,-71.02716298252922
2023-09-03 14:12:54+00,bike,Intersection,,WILLIAM J DAY BLVD,FARRAGUT RD,42.33299013120607,-71.02490932376638
2024-12-12 00:54:36+00,mv,Street,OLD COLONY AVE,JOSEPH AGRI ST,DORCHESTER ST,42.331391976965705,-71.05296536705238
2025-09-01 20:15:40+00,bike,Intersection,,MASSPORT HAUL RD,W SERVICE RD,42.346310635956826,-71.04834663554955
2025-04-22 17:49:08+00,mv,Intersection,,DORCHESTER AVE,FATHER ANTHONY SONGIN WAY,42.32804199399544,-71.05690517055828
2024-03-18 11:40:54+00,mv,Street,MARINA PARK DR,NORTHERN AVE,BOND DR,42.35303503831353,-71.04498146465195
2024-03-16 20:52:42+00,mv,Intersection,,SUMMER ST,ATLANTIC AVE,42.3526299347741,-71.0553660838902
2025-01-21 11:53:26+00,mv,Intersection,,W FOURTH ST,FOUNDRY ST,42.34204756074139,-71.05876965202705
2026-01-11 10:23:55+00,mv,Street,MASSPORT HAUL RD,PUMPHOUSE RD,RAMP,42.34594431602645,-71.03981454950149
2023-11-25 15:37:37+00,mv,Intersection,,E ST,W FIRST ST,42.33972922713294,-71.04706795221954
2024-09-28 00:03:32+00,ped,Street,ATLANTIC AVE,ESSEX ST,SUMMER ST,42.352183253582155,-71.0556785299683
2025-12-05 08:53:53+00,mv,Intersection,,PEARL ST,PURCHASE ST,42.354541811463854,-71.05335078337602
2024-10-08 10:12:50+00,bike,Intersection,,L ST,MARINE RD,42.33067168835532,-71.03522744638505
2025-11-05 01:48:58+00,mv,Intersection,,PURCHASE ST,SUMMER ST,42.352977192438246,-71.05618813507395
2024-10-12 16:22:04+00,mv,Street,I93 ,,,42.35045793578271,-71.05953763347982
2024-09-16 11:16:11+00,ped,Intersection,,E ST,W BROADWAY,42.337828760200324,-71.04928594947985
2025-05-17 02:19:31+00,ped,Other,,,,42.34683170094802,-71.03683062663681
2023-05-28 12:19:07+00,mv,Intersection,,W BROADWAY,D ST,42.33882404580702,-71.05082820080483
2023-05-24 18:58:47+00,bike,Intersection,,OLD COLONY AVE,DORCHESTER ST,42.3316007144107,-71.05304791839848
2026-04-02 16:18:30+00,mv,Street,FAN PIER BLVD,BOND DR,LIBERTY DR,42.35402032707783,-71.0451387877549
2026-01-01 17:21:29+00,mv,Intersection,,ATLANTIC AVE,SEAPORT BLVD,42.3547449999745,-71.05147238054313
2023-12-18 20:55:52+00,mv,Street,I93 ,,,42.354912862121544,-71.05200099886035
2023-02-04 06:59:17+00,mv,Street,RAMP - TO RT 90 WB ,,,42.35074382829735,-71.05975118085811
2026-03-28 15:41:53+00,mv,Street,SUMMER ST,ATLANTIC AVE,DORCHESTER AVE,42.35171896273172,-71.05357973526463
2025-10-14 01:34:05+00,ped,Intersection,,BEACH ST,JOHN F. FITZGERALD SURFACE RD,42.351100192400935,-71.05938914782281
2023-04-23 04:29:22+00,mv,Intersection,,DORCHESTER AVE,W BROADWAY,42.34287135944381,-71.05716164723452
2025-03-10 21:22:58+00,mv,Intersection,,M ST,E FIRST ST,42.338198322225445,-71.03341363933933
2023-04-27 21:33:47+00,bike,Street,DORCHESTER ST,W EIGHTH ST,W NINTH ST,42.33279650296991,-71.05121744062639
2025-06-21 03:57:42+00,ped,Intersection,,OLIVER ST,PURCHASE ST,42.355236205858844,-71.05207413646912
2025-12-03 00:03:25+00,bike,Street,OLD COLONY AVE,MITCHELL ST,GUSTIN ST,42.33226600312035,-71.05347476430595
2024-11-01 21:21:52+00,ped,Street,SUMMER ST,MELCHER ST,A ST,42.350138322380616,-71.05018370129591
2024-01-21 05:31:22+00,ped,Intersection,,ATLANTIC AVE,SEAPORT BLVD,42.3547449999745,-71.05147238054313
2023-06-27 01:31:43+00,bike,Street,H ST,E FOURTH ST,E FIFTH ST,42.33403108467579,-71.04151242959803
2023-05-12 23:21:25+00,bike,Street,ATLANTIC AVE,ESSEX ST,SUMMER ST,42.352183253582155,-71.0556785299683
2023-08-07 15:19:46+00,mv,Street,DORCHESTER AVE,DEXTER ST,TRANSIT ST,42.330304465789034,-71.05695734108784
2026-07-05 10:11:45+00,mv,Intersection,,B ST,FLAHERTY WAY,42.33950347239894,-71.0554845786358
2025-03-31 23:30:40+00,bike,Intersection,,D ST,W BROADWAY,42.33882404580702,-71.05082820080483
2023-09-18 01:36:41+00,ped,Street,NORTHERN AVE,SLEEPER ST,COURTHOUSE WAY,42.35362680686265,-71.04722973462864
2024-11-11 20:00:52+00,mv,Street,NORTHERN AVE,FID KENNEDY AVE,CONGRESS ST,42.347771832228275,-71.03610685451504
2025-07-08 09:32:41+00,mv,Street,CONGRESS ST,RAMP - RT 90 WB TO CONGRESS ST,WORLD TRADE CENTER AVE,42.34913720454625,-71.04316946311194
2026-05-25 03:46:20+00,mv,Intersection,,CONGRESS ST,B ST,42.34927817357687,-71.04354111639395
2023-10-19 20:39:17+00,mv,Street,RAMP - ALBANY STREET TO RT 90 ,,,42.34598982819844,-71.0576206692148
2023-07-13 00:15:32+00,mv,Street,FRANKLIN ST,ARCH ST,HAWLEY ST,42.355565367925244,-71.05852083165516
2024-04-14 03:38:16+00,mv,Intersection,,KNEELAND ST,LINCOLN ST,42.349962811525785,-71.05891466455644
2026-03-09 21:21:59+00,mv,Intersection,,WILLIAM J DAY BLVD,FARRAGUT RD,42.33299013120607,-71.02490932376638
2024-12-29 15:59:32+00,mv,Intersection,,KNEELAND ST,LINCOLN ST,42.349962811525785,-71.05891466455644
2024-12-30 00:06:50+00,mv,Street,COLUMBIA RD,COLUMBIA ROAD ROTARY,BABE RUTH PARK DR,42.32926699984605,-71.05170000093852
2024-04-06 16:09:19+00,bike,Intersection,,D ST,W SECOND ST,42.3401638990144,-71.04926191938885
2026-01-09 19:18:20+00,mv,Street,MASSPORT HAUL RD,PUMPHOUSE RD,RAMP,42.34594431602645,-71.03981454950149
2025-12-21 20:45:18+00,mv,Street,DORCHESTER AVE,B ST,MASSPORT HAUL RD,42.33851942121082,-71.05706539480023
2025-09-11 04:07:35+00,mv,Intersection,,CONGRESS ST,B ST,42.34927817357687,-71.04354111639395
2024-08-01 20:03:49+00,bike,Intersection,,BOSTON WHARF RD,SEAPORT BLVD,42.351711172836254,-71.04554313267623
2026-04-19 06:55:14+00,mv,Street,D ST,CLAFLIN ST,BULLOCK ST,42.343776016494004,-71.04495587670678
2023-01-28 21:06:43+00,ped,Intersection,,DORCHESTER ST,W FIFTH ST,42.33449016585516,-71.04779633132306
2023-05-12 06:33:04+00,mv,Street,SEAPORT BLVD,THOMSON PL,SLEEPER ST,42.35276785940946,-71.04750715317628
2025-02-19 08:26:04+00,mv,Intersection,,KNEELAND ST,JOHN F. FITZGERALD SURFACE RD,42.35015874861804,-71.05973320307133
2025-01-12 14:55:31+00,mv,Street,INTERSTATE 93 ,,,42.32764161401364,-71.05862359538541
2025-08-18 03:01:59+00,mv,Other,,,,42.32765628099736,-71.05859532046028
2023-09-21 19:57:05+00,mv,Intersection,,OLD COLONY AVE,DORCHESTER AVE,42.33796017113256,-71.05692316117936
2026-03-04 16:52:15+00,mv,Intersection,,CONGRESS ST,MATTHEWS ST,42.35488191761311,-71.05488028273128
2023-08-15 01:09:51+00,mv,Street,ATLANTIC AVE,SEAPORT BLVD,NORTHERN AVE,42.35503407033635,-71.0511057661879
2025-02-17 00:54:32+00,ped,Intersection,,ESSEX ST,JOHN F. FITZGERALD SURFACE RD,42.352369811499,-71.0581469838594
2025-04-01 00:14:45+00,ped,Intersection,,CONGRESS ST,NORTHERN AVE,42.34827619235113,-71.03752510653273
2023-04-15 17:18:18+00,ped,Street,SECOND ST,DORCHESTER ST,H ST,42.337197088934715,-71.04272138543233
2023-08-21 12:30:08+00,mv,Other,,,,42.34854396643575,-71.05751222377758
2025-01-05 20:02:32+00,mv,Other,,,,42.34683170094802,-71.03683062663681
2023-08-10 11:42:22+00,mv,Other,,,,42.34683170094802,-71.03683062663681
2024-01-25 01:15:31+00,ped,Intersection,,D ST,W BROADWAY,42.33882404580702,-71.05082820080483
2023-11-29 03:15:10+00,mv,Intersection,,ATLANTIC AVE,SUMMER ST,42.3526299347741,-71.0553660838902
2024-08-28 13:33:50+00,bike,Intersection,,BOSTON ST,FATHER ANTHONY SONGIN WAY,42.328144434436126,-71.05785372970136
2023-03-05 20:11:34+00,mv,Street,RAMP - TO I-93 NORTH ,,,42.348490067740585,-71.04753363118733
2023-03-11 07:45:22+00,mv,Street,BROADWAY ,D ST,PAGES CT,42.33873406863908,-71.05072032812261
2023-04-06 06:24:31+00,mv,Intersection,,OLIVER ST,PURCHASE ST,42.355236205858844,-71.05207413646912
2024-10-29 04:05:33+00,mv,Street,DORCHESTER AVE,SUMMER ST,FOUNDRY ST,42.35133433919996,-71.0528879286074
2025-03-08 21:21:52+00,mv,Street,BOSTON ST,SOUTHAMPTON ST,ELLERY ST,42.32870880957373,-71.05754179025683
2023-12-13 13:56:12+00,bike,Intersection,,W THIRD ST,A ST,42.3426117587699,-71.05457358002185
2026-06-05 00:28:04+00,mv,Intersection,,ATLANTIC AVE,SUMMER ST,42.3526299347741,-71.0553660838902
2024-07-01 20:06:45+00,mv,Intersection,,D ST,CONGRESS ST,42.348081119935905,-71.04038728472769
2024-10-17 13:31:13+00,ped,Intersection,,ESSEX ST,ATLANTIC AVE,42.35180073588021,-71.05590175753605
2026-06-04 19:39:20+00,mv,Street,DORCHESTER AVE,GENERAL WILLIAM H DEVINE WAY,FATHER ANTHONY SONGIN WAY,42.32838260149599,-71.05692043329954
2023-04-20 18:43:46+00,mv,Intersection,,DORCHESTER AVE,SUMMER ST,42.35148086608174,-71.05282401467686
2023-08-12 19:07:00+00,mv,Intersection,,MASSPORT HAUL RD,NORTHERN AVE,42.34766343473071,-71.03635994437685
2023-07-01 23:16:47+00,bike,Intersection,,E BROADWAY,L ST,42.33564961125607,-71.03541672274113
2023-09-26 08:58:36+00,ped,Intersection,,A ST,W BROADWAY,42.341840125671645,-71.05549749653231
2023-06-19 11:53:28+00,mv,Street,CONGRESS ST,RAMP - RT 90 WB TO CONGRESS ST,SEAPORT LN,42.348552548143125,-71.04175270484629
2026-02-11 15:55:51+00,mv,Street,SEAPORT BLVD,BOSTON WHARF RD,PIER 4 BLVD,42.35149128478023,-71.04507815397677
2024-07-09 22:25:29+00,mv,Intersection,,A ST,W BROADWAY,42.341840125671645,-71.05549749653231
2025-10-13 21:20:06+00,mv,Intersection,,E FIRST ST,K ST,42.33812561636638,-71.03749158285096
2026-07-15 21:43:18+00,mv,Intersection,,L ST,E THIRD ST,42.33651618734057,-71.03544734722239
2024-01-24 18:40:21+00,mv,Intersection,,A ST,W FOURTH ST,42.34113120346945,-71.05631878717512
2025-05-29 19:42:24+00,bike,Street,SEAPORT BLVD,PIER 4 BLVD,B ST,42.350720377828324,-71.04345054679881
2023-05-19 13:12:20+00,ped,Intersection,,COLUMBIA RD,COLUMBIA ROAD ROTARY,42.329070133820125,-71.05202814880894
2024-09-25 14:59:53+00,ped,Street,SEAPORT BLVD,B ST,WORLD TRADE CENTER AVE,42.35023382780925,-71.04239343843807
2026-03-11 13:22:32+00,mv,Intersection,,SUMMER ST,WEST SIDE DR,42.347928425331475,-71.04547878230733
2023-07-25 21:23:33+00,mv,Street,DORCHESTER AVE,DEXTER ST,TRANSIT ST,42.3301664111603,-71.05695778774742
2024-04-04 00:09:55+00,mv,Intersection,,NORTHERN AVE,PIER 4 BLVD,42.35184245481798,-71.04338299531462
2024-05-19 22:55:51+00,mv,Street,FOURTH ST,F ST,DORCHESTER ST,42.335092441938905,-71.04701002757629
2025-04-17 19:50:49+00,mv,Intersection,,E ST,W FIRST ST,42.33972922713294,-71.04706795221954
2025-06-12 14:50:12+00,mv,Intersection,,SUMMER ST,PURCHASE ST,42.352977192438246,-71.05618813507395
2023-09-29 00:46:42+00,mv,Street,OLIVER ST,PURCHASE ST,HIGH ST,42.35538094610796,-71.05227022198402
2025-01-21 05:30:30+00,mv,Street,I93 ,,,42.351944994801094,-71.0555164816523
2026-01-24 21:18:07+00,bike,Intersection,,SOUTHAMPTON ST,ELLERY ST,42.329758837192905,-71.05825757845017
2026-02-20 02:10:13+00,mv,Other,,,,42.34854396643575,-71.05751222377758
2025-03-18 17:00:01+00,ped,Street,LINCOLN ST,KNEELAND ST,BEACH ST,42.35046630644516,-71.05871862819181
2026-06-29 10:04:11+00,mv,Intersection,,LENNON CT,COLUMBIA RD,42.33291985537017,-71.02599974150651
2023-01-07 20:01:19+00,mv,Street,ATLANTIC AVE,BEACH ST,EAST ST,42.35063792580104,-71.05651514498877
2026-01-14 18:42:45+00,mv,Other,,,,42.32831947030982,-71.05920847166817
2023-07-16 17:49:56+00,mv,Street,FOURTH ST,FOURTH STREET PL,H ST,42.33463901286684,-71.04263530503046
2024-12-04 13:59:35+00,mv,Street,COSTELLO CIR,DALESSIO CT,SAINT CASIMIR ST,42.33982355767513,-71.0534075532021
2023-07-28 19:17:08+00,ped,Intersection,,SEAPORT BLVD,PIER 4 BLVD,42.35099289108352,-71.04396613493486
2023-09-06 18:27:12+00,mv,Street,BROADWAY ,I ST,K ST,42.33558171947386,-71.03846438839133
2023-10-30 11:12:42+00,ped,Intersection,,BOND DR,FAN PIER BLVD,42.35367616837134,-71.04543963414308
2026-06-23 21:25:05+00,mv,Street,SOUTH BOSTON HAUL RD,PUMPHOUSE RD,RAMP,42.34594431602645,-71.03981454950149
2025-11-22 15:27:10+00,ped,Street,OLD COLONY AVE,C ST,DORCHESTER AVE,42.337177752207495,-71.05648414826491
2023-08-19 20:39:00+00,mv,Street,NORTHERN AVE,FID KENNEDY AVE,CONGRESS ST,42.347771832228275,-71.03610685451504
2023-11-04 03:40:35+00,mv,Street,INTERSTATE 93 ,,,42.32764161401364,-71.05862359538541
2023-01-31 14:39:14+00,mv,Intersection,,D ST,SUMMER ST,42.34635118243838,-71.04212712350787
2023-07-10 12:57:58+00,mv,Other,,,,42.34854396643575,-71.05751222377758
2023-07-16 15:53:00+00,mv,Intersection,,W BROADWAY,D ST,42.33882404580702,-71.05082820080483
2024-01-17 07:54:01+00,mv,Intersection,,ATLANTIC AVE,SUMMER ST,42.3526299347741,-71.0553660838902
2025-03-14 23:39:05+00,ped,Intersection,,NORTHERN AVE,FAN PIER BLVD,42.35306757208928,-71.04595791864489
2024-08-11 05:48:29+00,ped,Other,,,,42.34638863794371,-71.0598634212231
2024-08-24 20:25:53+00,mv,Other,,,,42.34683170094802,-71.03683062663681
2026-03-23 09:57:39+00,ped,Street,BROADWAY ,,,42.336482518335224,-71.04722938739846
2024-12-05 01:32:04+00,mv,Street,RAMP - CONGRESS STREET TO RT 9 ,CONGRESS ST,RAMP - RT 90 WB TO RT 93,42.34919938419137,-71.04394115500646
2023-09-06 14:25:15+00,mv,Intersection,,CONGRESS ST,PIER 4 BLVD,42.3491862874351,-71.04540792943122
2024-09-08 12:03:16+00,mv,Street,I90 ,,,42.34706921462142,-71.04041565289161
2025-12-29 22:28:10+00,ped,Intersection,,ATLANTIC AVE,ESSEX ST,42.35180073588021,-71.05590175753605
2025-11-13 16:42:50+00,ped,Street,SEAPORT BLVD,B ST,PIER 4 BLVD,42.35051205691607,-71.04290274061539
2025-08-28 12:13:31+00,ped,Intersection,,DORCHESTER AVE,W SECOND ST,42.343581022220356,-71.05721434871698
2025-12-17 00:40:45+00,mv,Street,FID KENNEDY AVE,CAPSTAN WAY,DOLPHIN WAY,42.34661929830973,-71.02712364381813
2024-12-22 03:10:23+00,mv,Street,I93 ,,,42.351944994801094,-71.0555164816523
2026-01-31 15:25:08+00,mv,Intersection,,PEARL ST,PURCHASE ST,42.354541811463854,-71.05335078337602
2023-04-16 15:25:20+00,bike,Intersection,,W SECOND ST,A ST,42.342867854605814,-71.05427330461684
2026-05-28 02:48:56+00,mv,Intersection,,PURCHASE ST,OLIVER ST,42.355236205858844,-71.05207413646912
2024-11-08 04:46:55+00,mv,Other,,,,42.346387909184976,-71.0591502928258
2026-06-28 03:52:23+00,mv,Other,,,,42.32765628099736,-71.05859532046028
2023-05-12 12:01:20+00,mv,Intersection,,D ST,OLD COLONY AVE,42.335137519592344,-71.05520075781212
2025-02-02 06:49:18+00,mv,Street,I93 ,,,42.35457412729668,-71.05226414410191
2026-07-18 04:40:07+00,mv,Street,ATLANTIC AVE,SEAPORT BLVD,NORTHERN AVE,42.35503407033635,-71.0511057661879
2024-06-21 15:00:49+00,mv,Street,FIRST ST,MEDALLION AVE,DEAD END,42.34308066493526,-71.05249377805129
2023-12-05 11:13:54+00,ped,Street,SUMMER ST,ATLANTIC AVE,DORCHESTER AVE,42.35171896273172,-71.05357973526463
2023-03-19 21:28:56+00,mv,Intersection,,DORCHESTER AVE,SUMMER ST,42.35148086608174,-71.05282401467686
2023-01-19 22:13:03+00,ped,Intersection,,A ST,MELCHER ST,42.34908926060443,-71.04947393764101
2023-03-05 23:49:36+00,mv,Street,RAMP - TO I-93 NORTH ,,,42.34785101364166,-71.05214927003738
2025-06-22 21:44:27+00,mv,Intersection,,ATLANTIC AVE,KNEELAND ST,42.349539915306416,-71.0570505659401
2025-05-04 00:56:31+00,mv,Other,,,,42.34854396643575,-71.05751222377758
2026-07-28 00:10:21+00,mv,Intersection,,ATLANTIC AVE,SUMMER ST,42.3526299347741,-71.0553660838902
2023-09-08 02:55:14+00,bike,Intersection,,SOUTHAMPTON ST,ELLERY ST,42.329758837192905,-71.05825757845017
2025-02-05 18:04:31+00,mv,Intersection,,CONGRESS ST,PURCHASE ST,42.35417365854184,-71.05412021216806
2025-01-14 11:59:04+00,mv,Intersection,,BABE RUTH PARK DR,WILLIAM J DAY BLVD,42.328654299399446,-71.04707228381898
2024-01-19 19:27:00+00,ped,Street,BROADWAY ,F ST,DORCHESTER ST,42.33661612632408,-71.04744096440677
2025-01-20 07:39:18+00,mv,Street,PURCHASE ST,RAMP - PURCHASE STREET TO RT 9,RAMP,42.35333280054813,-71.0556492868828
2025-12-20 04:38:50+00,mv,Intersection,,ATLANTIC AVE,FORT HILL WHARF,42.35405512313129,-71.052850547881
2024-09-19 13:53:41+00,mv,Intersection,,OLIVER ST,ATLANTIC AVE,42.354774193504156,-71.05140813174425
2025-06-29 07:00:18+00,mv,Street,RAMP - TO I-93 NORTH ,,,42.34703940808833,-71.05631140254144
2026-04-19 19:56:36+00,ped,Street,DORCHESTER AVE,DEXTER ST,TRANSIT ST,42.3301664111603,-71.05695778774742
2023-04-22 09:34:58+00,mv,Intersection,,SOUTHAMPTON ST,DORCHESTER AVE,42.32951559009473,-71.05700727981439
2025-06-29 17:22:59+00,mv,Street,SEVENTH ST,DORCHESTER AVE,DALESSIO CT,42.3381831849771,-71.0569193818988
2023-04-12 05:07:19+00,mv,Intersection,,CONGRESS ST,DORCHESTER AVE,42.35237024730011,-71.05239176106444
2025-03-27 11:32:07+00,mv,Other,,,,42.32826716992382,-71.05940949751859
2024-07-30 22:11:29+00,bike,Street,FLAHERTY WAY,JOYCE HAYES WAY,LINSKY-BARRY CT,42.3381360529381,-71.05339294716336
2026-01-24 07:41:44+00,mv,Intersection,,ALBANY ST,KNEELAND ST,42.35015874861804,-71.05973320307133
2025-07-19 18:36:28+00,bike,Street,FIRST ST,M ST,ACADIA ST,42.33820446629441,-71.03190325861497
2023-05-03 16:42:00+00,mv,Street,OLD COLONY AVE,D ST,C ST,42.3365212919133,-71.05608054844711
2024-05-18 06:45:39+00,mv,Street,SOUTHAMPTON ST,ELLERY ST,BOSTON ST,42.32958414433949,-71.057448468386
2023-09-11 13:17:27+00,ped,Intersection,,L ST,E FIFTH ST,42.33396227118582,-71.035324849318
2024-08-28 21:11:10+00,mv,Street,BROADWAY ,A ST,MASSPORT HAUL RD,42.34134211281312,-71.05476337569299
2023-09-28 19:25:57+00,ped,Intersection,,EMERSON ST,L ST,42.3344000091973,-71.03533783466614
2025-06-12 18:44:57+00,mv,Street,I93 ,,,42.352951005118356,-71.05602324198202
2023-01-05 05:18:14+00,mv,Intersection,,W FOURTH ST,A ST,42.34113120346945,-71.05631878717512
2025-03-14 22:52:23+00,mv,Intersection,,E ST,ATHENS ST,42.338238532911596,-71.04881606563526
2023-04-11 00:26:49+00,mv,Street,I93 ,,,42.349407608078025,-71.05986587860497
2024-06-19 02:16:21+00,mv,Street,INTERSTATE 93 ,,,42.32764161401364,-71.05862359538541
2024-05-25 06:48:35+00,mv,Intersection,,JAMES ONEILL ST,COLUMBIA ROAD ROTARY,42.32977589455016,-71.05141675298759
2025-12-12 15:35:57+00,mv,Street,L ST,E FIFTH ST,E SIXTH ST,42.33354882648379,-71.0353186095325
2025-09-11 19:20:16+00,bike,Street,DORCHESTER AVE,MASSPORT HAUL RD,W FIFTH ST,42.33948332618062,-71.05708694862673
2025-05-27 19:56:52+00,mv,Street,CONGRESS ST,WORLD TRADE CENTER AVE,SEAPORT LN,42.348622686556965,-71.04192689356258
2023-10-26 12:52:08+00,mv,Street,I93 ,,,42.3505153403427,-71.0564272409312
2023-01-11 00:49:03+00,mv,Intersection,,SLEEPER ST,CONGRESS ST,42.35123845728627,-71.04979414048239
2026-05-01 13:16:05+00,ped,Street,OLD COLONY AVE,JENKINS ST,PREBLE ST,42.329721531468905,-71.05268539797343
2025-09-21 14:59:45+00,ped,Street,BLACK FALCON AVE,DESIGN CENTER PL,DRY DOCK AVE,42.34390599407692,-71.03330151529276
2026-03-08 08:26:42+00,mv,Intersection,,CONGRESS ST,B ST,42.34927817357687,-71.04354111639395
2023-08-18 14:47:33+00,mv,Other,,,,42.34854396643575,-71.05751222377758
2023-02-21 13:24:40+00,ped,Intersection,,SEAPORT BLVD,THOMSON PL,42.352242190115426,-71.04667811502073
2023-07-08 20:51:24+00,ped,Street,WILLIAM J DAY BLVD,P ST,FARRAGUT RD,42.332550198210086,-71.02660899629412
2024-08-13 14:25:41+00,mv,Street,SUMMER ST,PUMPHOUSE RD,FARGO ST,42.34467714396828,-71.03979701520187
2024-11-16 06:17:22+00,ped,Intersection,,A ST,W BROADWAY,42.341840125671645,-71.05549749653231
2023-01-01 05:40:25+00,mv,Intersection,,ATLANTIC AVE,KNEELAND ST,42.349539915306416,-71.0570505659401
2024-12-09 22:01:57+00,ped,Street,A ST,MOUNT WASHINGTON AVE,BINFORD ST,42.34667374805373,-71.05133900831439
2023-09-10 17:47:40+00,mv,Street,D ST,DORCHESTER AVE,OLD COLONY AVE,42.334601804752936,-71.05583967518821
2026-05-21 23:20:58+00,bike,Street,HIGH ST,FEDERAL ST,CONGRESS ST,42.35436028126976,-71.054976633509
2026-04-20 20:13:58+00,mv,Other,,,,42.34854396643575,-71.05751222377758
2024-07-05 20:33:02+00,mv,Intersection,,KNEELAND ST,ALBANY ST,42.35015874861804,-71.05973320307133
2024-09-24 11:07:50+00,mv,Intersection,,OTIS ST,SUMMER ST,42.35409488435535,-71.05859657916585
2024-03-10 06:13:55+00,mv,Intersection,,W BROADWAY,DORCHESTER AVE,42.34287135944381,-71.05716164723452
2023-07-11 14:33:27+00,bike,Street,WILLIAM J DAY BLVD,E FIRST ST,DEAD END,42.33871247640213,-71.01931897266081
2025-04-21 17:05:21+00,mv,Street,EIGHTH ST,DORCHESTER ST,F ST,42.333122343928125,-71.05144759497793
2026-03-21 00:14:08+00,mv,Intersection,,JOHN F. FITZGERALD SURFACE RD,BEACH ST,42.351100192400935,-71.05938914782281
2025-12-17 13:46:00+00,ped,Intersection,,COLUMBIA RD,WILLIAM J DAY BLVD,42.33022654658828,-71.04408270640333
2024-11-28 23:16:06+00,mv,Other,,,,42.34854396643575,-71.05751222377758
2026-05-24 08:33:56+00,mv,Street,THOMAS PARK,TELEGRAPH ST,COVINGTON ST,42.33264627925065,-71.0472124633274
2024-09-21 08:02:16+00,mv,Intersection,,SUMMER ST,ATLANTIC AVE,42.3526299347741,-71.0553660838902
2024-06-21 10:54:55+00,ped,Street,SUMMER ST,THOMAS J. BUTLER FREIGHT CORRI,POWER HOUSE ST,42.34083418455135,-71.03557304807251
2025-10-20 19:40:18+00,mv,Intersection,,W BROADWAY,E ST,42.337828760200324,-71.04928594947985
2025-07-31 23:56:18+00,mv,Other,,,,42.34854396643575,-71.05751222377758
2024-02-11 00:53:54+00,ped,Intersection,,SEAPORT BLVD,PIER 4 BLVD,42.35099289108352,-71.04396613493486
2023-12-04 00:56:40+00,mv,Street,I93 ,,,42.35457412729668,-71.05226414410191
2024-05-25 02:54:43+00,mv,Other,,,,42.32765628099736,-71.05859532046028
2024-02-24 02:32:16+00,mv,Intersection,,CONGRESS ST,PURCHASE ST,42.35417365854184,-71.05412021216806
2023-02-10 03:30:33+00,mv,Street,COURTHOUSE WAY,NORTHERN AVE,BOND DR,42.353806893298,-71.04659878689368
2026-04-12 03:51:12+00,mv,Intersection,,SEAPORT BLVD,THOMSON PL,42.352242190115426,-71.04667811502073
2026-06-19 13:23:14+00,mv,Street,MERCER ST,REV RICHARD A BURKE ST,E NINTH ST,42.330803623396385,-71.04979369863321
2025-07-28 21:12:52+00,mv,Street,BROADWAY ,DORCHESTER ST,G ST,42.33545784114347,-71.04531176988662
2026-07-13 07:28:21+00,ped,Street,ELLERY ST,HUMBOLDT PL,WADLEIGH PL,42.33085956066523,-71.05826260286008
2024-11-06 21:47:48+00,mv,Intersection,,SUMMER ST,ATLANTIC AVE,42.3526299347741,-71.0553660838902
2025-09-11 22:01:53+00,bike,Street,BROADWAY ,D ST,PAGES CT,42.33861264554369,-71.05053323426012
2025-06-22 01:13:59+00,bike,Street,NORTHERN AVE,,,42.34861880151616,-71.03843259512539
2024-04-21 09:50:25+00,mv,Intersection,,L ST,MARINE RD,42.33067168835532,-71.03522744638505
2023-06-18 03:41:40+00,mv,Street,I93 ,,,42.354912862121544,-71.05200099886035
2024-05-25 07:23:33+00,mv,Other,,,,42.32831947030982,-71.05920847166817
2024-08-24 22:23:14+00,mv,Street,DORCHESTER ST,JENKINS ST,OLD COLONY AVE,42.33110126251949,-71.05380800400675
2025-04-03 20:49:09+00,mv,Street,PURCHASE ST,OLIVER ST,PEARL ST,42.35508465376127,-71.05225295352113
2025-11-28 14:28:10+00,mv,Intersection,,CONGRESS ST,HIGH ST,42.35466204807108,-71.05463602206262
2024-05-12 02:42:53+00,ped,Street,MARINA PARK DR,NORTHERN AVE,BOND DR,42.35303503831353,-71.04498146465195
2023-02-08 12:29:51+00,mv,Street,I93 ,,,42.3505153403427,-71.0564272409312
2023-10-26 17:52:33+00,mv,Street,NORTHERN AVE,FID KENNEDY AVE,CONGRESS ST,42.347771832228275,-71.03610685451504
2024-05-18 16:07:25+00,mv,Street,I93 ,,,42.3505153403427,-71.0564272409312
2023-03-19 07:32:05+00,mv,Intersection,,D ST,W BROADWAY,42.33882404580702,-71.05082820080483
2025-05-17 18:30:28+00,mv,Street,WILLIAM J DAY BLVD,E FIRST ST,DEAD END,42.33848121852976,-71.02042588773494
2025-09-06 10:10:53+00,ped,Street,SUMMER ST,WEST SIDE DR,WORLD TRADE CENTER AVE,42.347343999893965,-71.0444300009593
2023-10-13 18:57:21+00,mv,Intersection,,E EIGHTH ST,PATTERSON WAY,42.332319583337345,-71.0502463422329
2023-01-17 18:41:00+00,ped,Intersection,,E BROADWAY,DORCHESTER ST,42.335468931823016,-71.04551330927154
2025-02-22 18:00:38+00,mv,Street,INTERSTATE 93 ,,,42.32779419752595,-71.05900920440324
2026-03-09 14:17:25+00,mv,Other,,,,42.34966436982477,-71.05976124427657
2024-02-22 20:52:29+00,mv,Other,,,,42.34966436982477,-71.05976124427657
2024-10-13 22:07:12+00,bike,Street,OLD COLONY AVE,COLONEL MICHAEL J. MCDONOUGH WAY,GENERAL LAWRENCE J LOGAN WAY,42.32759981392137,-71.05256215512455
2025-09-30 15:54:56+00,bike,Intersection,,ATLANTIC AVE,SUMMER ST,42.3526299347741,-71.0553660838902
2023-01-20 00:35:31+00,ped,Intersection,,FOUNDRY ST,W BROADWAY,42.34342716614753,-71.05809313264545
2023-01-22 21:15:20+00,mv,Intersection,,SUMMER ST,ATLANTIC AVE,42.3526299347741,-71.0553660838902
2023-10-29 16:20:40+00,mv,Other,,,,42.34854396643575,-71.05751222377758
2024-06-07 21:14:00+00,mv,Intersection,,COLUMBIA RD ROTARY,PREBLE ST,42.32933414507408,-71.05262013925642
2024-12-20 19:21:11+00,mv,Street,DORCHESTER ST,SILVER ST,E FOURTH ST,42.335046362135024,-71.04658711686182
2024-08-22 02:44:24+00,mv,Intersection,,JOHN F. FITZGERALD SURFACE RD,ESSEX ST,42.352369811499,-71.0581469838594
2023-01-15 17:50:03+00,mv,Street,I90 ,,,42.35596016100973,-71.02716298252922
2025-07-23 01:09:42+00,mv,Other,,,,42.32765628099736,-71.05859532046028
2023-12-28 18:55:21+00,mv,Intersection,,OLD COLONY AVE,PREBLE ST,42.32922413817151,-71.05260013294145
2026-06-10 21:40:04+00,mv,Street,NORTHERN AVE,FID KENNEDY AVE,CONGRESS ST,42.347922579592556,-71.03655302065458
2023-05-16 13:49:18+00,bike,Intersection,,D ST,W SECOND ST,42.3401638990144,-71.04926191938885
2024-07-27 22:16:33+00,mv,Intersection,,DORCHESTER AVE,SOUTHAMPTON ST,42.32951559009473,-71.05700727981439
2026-03-07 13:32:32+00,mv,Intersection,,ATLANTIC AVE,ESSEX ST,42.35180073588021,-71.05590175753605
2025-07-05 04:01:28+00,mv,Street,BROADWAY ,L ST,M ST,42.33563664461931,-71.03522684156663
2025-10-24 22:12:05+00,mv,Intersection,,C ST,BAXTER ST,42.3368800026531,-71.05581206627848
2023-08-30 08:51:18+00,bike,Street,SUMMER ST,ARCH ST,KINGSTON ST,42.35424564286206,-71.0588247205227
2026-05-25 14:22:47+00,mv,Intersection,,D ST,NEW CYPHER ST,42.34134804713362,-71.04786735247943
2025-09-11 13:01:09+00,mv,Street,BOSTON ST,ELLERY ST,FATHER ANTHONY SONGIN WAY,42.328245684950716,-71.05780393367019
2024-06-20 04:13:54+00,mv,Street,FLAHERTY WAY,DALESSIO CT,SAINT CASIMIR ST,42.33884153733701,-71.05450075767675
2026-02-28 21:31:33+00,ped,Other,,,,42.34235485428101,-71.05997496502486
2024-09-07 06:28:58+00,ped,Street,I93 ,,,42.35457412729668,-71.05226414410191
2025-03-26 20:50:55+00,bike,Intersection,,NORTHERN AVE,FAN PIER BLVD,42.35306757208928,-71.04595791864489
2025-09-01 08:40:48+00,mv,Street,I93 ,,,42.35457412729668,-71.05226414410191
2024-09-15 04:20:06+00,bike,Street,SUMMER ST,DRY DOCK AVE,THOMAS J. BUTLER FREIGHT CORRI,42.343720530005854,-71.03825633959245
2024-03-09 07:10:36+00,ped,Intersection,,SUMMER ST,KINGSTON ST,42.35409488435535,-71.05859657916585
2023-05-12 18:49:39+00,mv,Street,DORCHESTER ST,DRESSER ST,W SECOND ST,42.33697094352487,-71.0436693198361
2025-04-24 15:03:59+00,mv,Intersection,,OLIVER ST,PURCHASE ST,42.355236205858844,-71.05207413646912
2026-05-17 02:58:25+00,mv,Intersection,,CONGRESS ST,PURCHASE ST,42.35417365854184,-71.05412021216806
2023-04-10 21:36:22+00,mv,Street,I93 ,,,42.3505153403427,-71.0564272409312
2026-01-04 18:34:43+00,bike,Street,CONGRESS ST,,,42.34903228316326,-71.04291561863471
2023-06-22 20:07:24+00,mv,Intersection,,KNEELAND ST,JOHN F. FITZGERALD SURFACE RD,42.35015874861804,-71.05973320307133
2023-02-26 11:44:12+00,mv,Street,I93 ,,,42.35457412729668,-71.05226414410191
2026-03-02 17:29:31+00,mv,Street,I93 ,,,42.3505153403427,-71.0564272409312
2024-11-01 21:07:38+00,mv,Street,ATLANTIC AVE,KNEELAND ST,BEACH ST,42.350001956833694,-71.05682618258899
2024-04-04 10:31:39+00,ped,Intersection,,ESSEX ST,ATLANTIC AVE,42.35180073588021,-71.05590175753605
2025-05-23 02:41:18+00,mv,Street,STATION CONNECTOR ,RAMP,RAMP,42.34874011344709,-71.05934426951707
2023-12-20 03:13:12+00,ped,Intersection,,LIBERTY DR,FAN PIER BLVD,42.35418863205687,-71.04500342385877
2026-07-09 18:22:14+00,mv,Street,COLUMBIA RD,K ST,TICKNOR ST,42.32954193183115,-71.03615676521441
2023-04-26 03:21:29+00,mv,Intersection,,JOHN F. FITZGERALD SURFACE RD,ALBANY ST,42.35015874861804,-71.05973320307133
2025-08-14 17:55:27+00,mv,Street,A ST,GOLD ST,W FOURTH ST,42.34082005474428,-71.05667904407147
2024-09-18 11:31:07+00,mv,Street,MASSPORT HAUL RD,PUMPHOUSE RD,RAMP,42.34594431602645,-71.03981454950149
2023-07-26 05:42:17+00,mv,Other,,,,42.34683170094802,-71.03683062663681
2023-10-05 19:57:42+00,mv,Intersection,,PURCHASE ST,OLIVER ST,42.355236205858844,-71.05207413646912
2023-10-22 08:29:17+00,mv,Street,LINCOLN ST,JOHN F. FITZGERALD SURFACE RD,BEDFORD ST,42.352839648219295,-71.05791662705407
2023-05-09 22:26:24+00,mv,Street,INTERSTATE 93 ,,,42.32764161401364,-71.05862359538541
2026-03-19 11:02:06+00,mv,Street,OLD COLONY AVE,EARL ST,EWER ST,42.33413510410077,-71.05461651586306
2024-12-04 21:11:21+00,ped,Street,BOSTON ST,FATHER ANTHONY SONGIN WAY,INTERSTATE 93 N,42.32775293382348,-71.05803493819536
2026-07-11 14:42:46+00,bike,Intersection,,FID KENNEDY AVE,SWORDFISH WAY,42.346597736715864,-71.02869274472071
2025-09-15 07:54:41+00,mv,Intersection,,D ST,CONGRESS ST,42.348081119935905,-71.04038728472769
2025-01-31 01:02:22+00,ped,Intersection,,HIGH ST,PEARL ST,42.355248752378365,-71.05401022646967
2025-11-27 04:32:05+00,mv,Street,ATLANTIC AVE,CONGRESS ST,FORT HILL WHARF,42.35390800064052,-71.05313258147217
2025-05-27 16:42:19+00,mv,Street,SEAPORT BLVD,THOMSON PL,SLEEPER ST,42.35276785940946,-71.04750715317628
2024-04-05 12:30:22+00,mv,Street,ATLANTIC AVE,BEACH ST,EAST ST,42.350469942145246,-71.05659999468335
2024-09-21 04:39:59+00,mv,Street,RAMP - TO I-93 NORTH ,,,42.34785101364166,-71.05214927003738
2025-02-02 12:58:59+00,mv,Other,,,,42.34854396643575,-71.05751222377758
2025-01-12 14:29:03+00,mv,Intersection,,SOUTHAMPTON ST,DORCHESTER AVE,42.32951559009473,-71.05700727981439
2024-01-24 20:38:13+00,mv,Intersection,,DORCHESTER AVE,PREBLE ST,42.32951559009473,-71.05700727981439
2026-06-12 12:13:54+00,ped,Intersection,,W FOURTH ST,D ST,42.33811926979761,-71.05164877271021
2023-09-19 10:22:18+00,ped,Intersection,,M ST,E FIRST ST,42.338198322225445,-71.03341363933933
2026-04-24 11:10:46+00,mv,Street,DORCHESTER AVE,SUMMER ST,FOUNDRY ST,42.34943316948802,-71.05414736444524
2025-08-24 02:26:37+00,mv,Street,RAMP - TO I-93 NORTH ,,,42.34703940808833,-71.05631140254144
2023-11-10 07:20:53+00,mv,Street,OLD COLONY AVE,MITCHELL ST,GUSTIN ST,42.33226600312035,-71.05347476430595
2024-01-10 23:29:43+00,mv,Street,SUMMER ST,WORLD TRADE CENTER AVE,D ST,42.34653662043716,-71.04281885991156
2025-11-24 20:15:44+00,mv,Street,MASSACHUSETTS TPKE,,,42.346786972587836,-71.0387673684075
2023-06-25 03:12:06+00,mv,Street,THIRD ST,PULASKI AVE,DORCHESTER ST,42.33704811852438,-71.04598586183967
2025-07-25 13:33:24+00,bike,Intersection,,OLIVER ST,PURCHASE ST,42.355236205858844,-71.05207413646912
2025-07-06 04:00:11+00,mv,Intersection,,D ST,W SEVENTH ST,42.33626191936789,-71.05387000698487
2023-12-18 04:36:42+00,mv,Street,RAMP - RT 90 WB TO RT 93 ,,,42.34706281077076,-71.04012694143219
2025-06-09 22:04:54+00,mv,Intersection,,ATLANTIC AVE,SUMMER ST,42.3526299347741,-71.0553660838902
2025-09-18 21:25:43+00,bike,Intersection,,SEAPORT BLVD,SEAPORT LN,42.349604192657495,-71.04074812133616
2024-08-23 23:05:37+00,ped,Intersection,,E BROADWAY,H ST,42.33554256849514,-71.04156317945404
2023-09-29 20:53:29+00,mv,Intersection,,E FIRST ST,ACADIA ST,42.338256419140514,-71.02999905216558
2026-07-28 22:19:41+00,bike,Intersection,,MOUNT WASHINGTON AVE,A ST,42.346531304737915,-71.05146316932814
2025-04-15 07:13:01+00,ped,Intersection,,ESSEX ST,ATLANTIC AVE,42.35180073588021,-71.05590175753605
2026-02-06 14:06:11+00,mv,Intersection,,CYPHER ST,MASSPORT HAUL RD,42.34375688089937,-71.05138555109099
2024-02-09 08:50:15+00,mv,Street,I93 ,,,42.354912862121544,-71.05200099886035
2025-12-19 08:11:28+00,ped,Street,DORCHESTER AVE,DEXTER ST,TRANSIT ST,42.3301664111603,-71.05695778774742
2025-12-02 02:37:21+00,mv,Street,CROWLEY-ROGERS WAY,SAINT CASIMIR ST,COSTELLO CIR,42.33950074842041,-71.05385195354687
2025-09-02 21:49:00+00,mv,Street,BEACH ST,,,42.35096268070266,-71.0587670604101
2023-01-29 17:42:24+00,mv,Street,I90 ,,,42.35596016100973,-71.02716298252922
2023-02-18 00:32:54+00,ped,Street,ELKINS ST,SUMMER ST,K ST,42.33919816861602,-71.035763793776
2024-12-08 23:17:47+00,mv,Street,DORCHESTER AVE,FATHER ANTHONY SONGIN WAY,KEMP ST,42.327917907904656,-71.0569104530267
2025-04-23 22:01:05+00,bike,Street,SLEEPER ST,SEAPORT BLVD,NORTHERN AVE,42.353604973710745,-71.04805023732521
2025-02-21 21:12:27+00,mv,Street,INTERSTATE 93 ,,,42.32764161401364,-71.05862359538541
2023-12-11 11:23:32+00,ped,Street,L ST,E THIRD ST,E BROADWAY,42.33628760105913,-71.03544574719267
2024-08-29 00:33:05+00,bike,Intersection,,SEAPORT BLVD,PIER 4 BLVD,42.35099289108352,-71.04396613493486
2025-03-14 02:14:42+00,mv,Street,FOURTH ST,MASSPORT HAUL RD,B ST,42.340208343623075,-71.05493207302217
2023-10-17 10:44:34+00,mv,Intersection,,L ST,E SIXTH ST,42.33314579748979,-71.03529988830452
2025-12-19 03:42:43+00,mv,Other,,,,42.32765628099736,-71.05859532046028
2024-04-15 11:52:14+00,mv,Street,ATLANTIC AVE,ESSEX ST,SUMMER ST,42.352183253582155,-71.0556785299683
2025-11-18 20:41:21+00,ped,Intersection,,WORMWOOD ST,A ST,42.347558755528894,-71.05065621246429
2026-02-10 22:53:52+00,mv,Street,OLD COLONY AVE,C ST,D ST,42.335874657948494,-71.05579352845321
2023-06-05 00:05:45+00,mv,Street,BROADWAY ,F ST,DORCHESTER ST,42.33672284104561,-71.04761069871125
2025-09-16 15:40:26+00,mv,Street,I93 ,,,42.354912862121544,-71.05200099886035
2025-02-24 23:55:02+00,mv,Intersection,,DORCHESTER AVE,MAJOR MICHAEL J OCONNOR WAY,42.32804199399544,-71.05690517055828
2025-01-11 17:55:27+00,mv,Intersection,,CONGRESS ST,B ST,42.34927817357687,-71.04354111639395
2025-07-30 18:31:33+00,mv,Street,FIRST ST,I ST,BAY STATE PL,42.33808808844525,-71.03893245927422
2025-08-30 14:47:47+00,ped,Street,BLACK FALCON AVE,DESIGN CENTER PL,DRY DOCK AVE,42.34390599407692,-71.03330151529276
2026-06-05 19:18:06+00,mv,Other,,,,42.34638863794371,-71.0598634212231
2023-11-01 19:12:59+00,mv,Street,I93 ,,,42.3505153403427,-71.0564272409312
2023-08-25 05:28:03+00,mv,Intersection,,OLD COLONY AVE,DORCHESTER AVE,42.33796017113256,-71.05692316117936
2024-10-19 03:43:49+00,mv,Street,MASSPORT HAUL RD,PUMPHOUSE RD,RAMP,42.34594431602645,-71.03981454950149
2024-07-20 21:13:10+00,bike,Intersection,,ARCH ST,FRANKLIN ST,42.355454462208286,-71.05802935739709
2024-11-11 21:25:40+00,ped,Intersection,,OLD COLONY AVE,DORCHESTER AVE,42.33796017113256,-71.05692316117936
2023-08-04 05:26:02+00,mv,Intersection,,ATLANTIC AVE,KNEELAND ST,42.349539915306416,-71.0570505659401
2025-11-08 03:53:31+00,mv,Street,GILLETTE PARK,DORCHESTER AVE,DORCHESTER AVE,42.344230929159814,-71.05665462090944
2023-11-30 17:53:51+00,mv,Street,I93 ,,,42.354912862121544,-71.05200099886035
2024-09-22 07:11:05+00,mv,Intersection,,CONGRESS ST,PURCHASE ST,42.35417365854184,-71.05412021216806
2025-05-01 18:54:09+00,mv,Street,MASSPORT HAUL RD,PUMPHOUSE RD,RAMP,42.34594431602645,-71.03981454950149
2024-08-27 14:00:17+00,bike,Intersection,,ATLANTIC AVE,SEAPORT BLVD,42.3547449999745,-71.05147238054313
2025-09-21 16:31:02+00,mv,Other,,,,42.34854396643575,-71.05751222377758
2023-01-24 11:57:58+00,bike,Intersection,,A ST,IRON ST,42.345071117674784,-71.05259099155035
2023-08-25 14:24:46+00,mv,Other,,,,42.34235485428101,-71.05997496502486
2026-05-05 01:08:55+00,mv,Intersection,,E FIRST ST,FARRAGUT RD,42.33835026194922,-71.02511623193986
2023-01-02 00:04:35+00,mv,Intersection,,PREBLE ST,OLD COLONY AVE,42.32922413817151,-71.05260013294145
2024-03-10 16:12:25+00,ped,Street,DORCHESTER AVE,SUMMER ST,FOUNDRY ST,42.34943316948802,-71.05414736444524
2024-04-02 02:44:40+00,mv,Street,I93 ,,,42.35457412729668,-71.05226414410191
2023-01-27 07:51:03+00,mv,Intersection,,CONGRESS ST,PURCHASE ST,42.35417365854184,-71.05412021216806
2023-07-18 14:36:45+00,mv,Intersection,,A ST,W THIRD ST,42.3426117587699,-71.05457358002185
2025-07-20 04:36:07+00,mv,Intersection,,SEAPORT BLVD,B ST,42.35041962787092,-71.0427998725495
2023-08-08 19:51:47+00,mv,Street,I93 ,,,42.3505153403427,-71.0564272409312
2025-02-14 15:06:33+00,mv,Street,MASSPORT HAUL RD,PUMPHOUSE RD,RAMP,42.34594431602645,-71.03981454950149
2025-11-28 02:09:26+00,mv,Intersection,,JOSEPH AGRI ST,REV RICHARD A BURKE ST,42.33179723357078,-71.05188132600622
2023-09-14 12:46:19+00,mv,Street,SEAPORT LN,SEAPORT BLVD,CONGRESS ST,42.34907772259747,-71.04114341312176
2025-08-10 04:23:29+00,mv,Street,MASSPORT HAUL RD,PUMPHOUSE RD,RAMP,42.34594431602645,-71.03981454950149
2026-02-04 15:37:26+00,mv,Street,BROADWAY ,D ST,PAGES CT,42.33858124135659,-71.05048484558456
2025-04-04 01:27:25+00,ped,Other,,,,42.34828434569976,-71.04312722927132
2023-11-10 00:56:18+00,ped,Intersection,,W SECOND ST,E ST,42.33916724351647,-71.04772547678685
2025-12-21 16:36:32+00,ped,Intersection,,ATLANTIC AVE,ESSEX ST,42.35180073588021,-71.05590175753605
2026-04-15 12:10:55+00,mv,Street,OLD COLONY AVE,C ST,D ST,42.335874657948494,-71.05579352845321
2023-10-28 05:43:00+00,ped,Intersection,,O ST,E FOURTH ST,42.33488544502141,-71.02920090303799
2025-07-16 16:09:38+00,bike,Intersection,,CONGRESS ST,FARNSWORTH ST,42.35072954845967,-71.04899875136246
2024-04-12 17:09:40+00,mv,Intersection,,DESIGN CENTER PL,DRY DOCK AVE,42.344697210626336,-71.03431942240945
2024-07-02 17:47:54+00,mv,Intersection,,CONGRESS ST,PURCHASE ST,42.35417365854184,-71.05412021216806
2025-08-13 21:20:49+00,mv,Street,DORCHESTER AVE,GENERAL WILLIAM H DEVINE WAY,FATHER ANTHONY SONGIN WAY,42.328122544907465,-71.05691304200799
2026-02-09 20:32:53+00,mv,Intersection,,E ST,W SECOND ST,42.33916724351647,-71.04772547678685
2025-10-30 19:13:32+00,ped,Street,HIGH ST,FEDERAL ST,CONGRESS ST,42.35436028126976,-71.054976633509
2025-03-24 09:46:47+00,ped,Intersection,,DEVONSHIRE ST,FRANKLIN ST,42.355463774825175,-71.05731143181009
2025-02-14 16:11:07+00,mv,Other,,,,42.34854396643575,-71.05751222377758
2023-01-29 20:10:24+00,bike,Intersection,,E BROADWAY,L ST,42.33564961125607,-71.03541672274113
2026-06-22 20:49:48+00,mv,Intersection,,LINCOLN ST,KNEELAND ST,42.349962811525785,-71.05891466455644
2024-08-27 12:35:35+00,ped,Intersection,,AUTUMN LN,BOSTON WHARF RD,42.35100869097297,-71.0460868602261
2024-07-02 20:54:31+00,mv,Intersection,,SLEEPER ST,SEAPORT BLVD,42.35313075845314,-71.04841533529859
2025-08-09 07:05:58+00,mv,Street,MASSPORT HAUL RD,PUMPHOUSE RD,RAMP,42.34594431602645,-71.03981454950149
2026-01-11 09:46:59+00,mv,Street,I93 ,,,42.354912862121544,-71.05200099886035
2023-08-07 13:24:06+00,mv,Street,BROADWAY ,E ST,F ST,42.337210290027855,-71.0483636042919
2024-10-22 11:34:09+00,mv,Street,SUMMER ST,WEST SIDE DR,WORLD TRADE CENTER AVE,42.347343999893965,-71.0444300009593
2026-01-01 01:40:01+00,mv,Street,COLUMBIA RD,COLUMBIA ROAD ROTARY,BABE RUTH PARK DR,42.330099557360555,-71.04836372717135
2024-09-19 01:21:10+00,mv,Intersection,,W FIFTH ST,DORCHESTER AVE,42.34048122846772,-71.05701440329196
2024-07-13 03:54:01+00,mv,Intersection,,ELLERY ST,SOUTHAMPTON ST,42.329758837192905,-71.05825757845017
2025-04-19 11:19:45+00,mv,Street,CODFISH WAY,FID KENNEDY AVE,SHORELINE RD,42.348533133845514,-71.02909866195942
2026-02-20 22:49:42+00,ped,Intersection,,DORCHESTER AVE,BOSTON ST,42.32951559009473,-71.05700727981439
2024-09-13 11:55:16+00,bike,Street,NORTHERN AVE,HARBOR ST,TIDE ST,42.34528400207481,-71.03229101829959
2026-06-03 13:42:44+00,bike,Intersection,,SLEEPER ST,SEAPORT BLVD,42.35313075845314,-71.04841533529859
2025-11-08 08:16:24+00,ped,Intersection,,CONGRESS ST,PURCHASE ST,42.35417365854184,-71.05412021216806
2026-01-27 09:20:21+00,mv,Street,I90 ,,,42.35596016100973,-71.02716298252922
2023-07-03 13:58:33+00,mv,Intersection,,SOUTHAMPTON ST,ELLERY ST,42.329758837192905,-71.05825757845017
2025-12-26 23:20:51+00,mv,Street,SEAPORT BLVD,BOSTON WHARF RD,PIER 4 BLVD,42.35149128478023,-71.04507815397677
2024-12-29 06:22:40+00,mv,Street,COLUMBIA RD,MERCER ST,JAMES ONEILL ST,42.33008633270028,-71.05079510324919
2023-02-21 10:48:02+00,ped,Intersection,,A ST,RICHARDS ST,42.34440649781706,-71.0531064249866
2023-10-22 01:13:17+00,ped,Intersection,,BEACH ST,ATLANTIC AVE,42.35044926816397,-71.05661276997449
2023-07-27 02:35:30+00,ped,Intersection,,DORCHESTER AVE,DORCHESTER ST,42.32951559009473,-71.05700727981439
2023-06-23 01:46:33+00,mv,Intersection,,KNEELAND ST,LINCOLN ST,42.349962811525785,-71.05891466455644
2025-09-15 15:42:11+00,ped,Street,SOUTH ST,ESSEX ST,EAST ST,42.3520733901738,-71.0571613601811
2026-03-18 18:56:06+00,mv,Intersection,,CONGRESS ST,PURCHASE ST,42.35417365854184,-71.05412021216806
2025-08-31 16:09:31+00,mv,Intersection,,ATLANTIC AVE,SEAPORT BLVD,42.3547449999745,-71.05147238054313
2023-07-10 23:59:26+00,mv,Street,I93 ,,,42.35457412729668,-71.05226414410191
2026-04-03 15:05:20+00,mv,Intersection,,BABE RUTH PARK DR,COLUMBIA RD,42.3301231484683,-71.04805064997471
2025-07-27 08:47:42+00,mv,Other,,,,42.34966436982477,-71.05976124427657
2023-07-12 04:31:58+00,mv,Intersection,,MEDALLION AVE,RICHARDS ST,42.34404135756671,-71.05201082303303
2024-01-14 00:11:37+00,mv,Street,I93 ,,,42.35483458427184,-71.05179377553934
2025-11-26 19:29:19+00,ped,Intersection,,DORCHESTER AVE,D ST,42.33365548060512,-71.05701243780855
2025-09-20 12:47:58+00,mv,Intersection,,ATLANTIC AVE,SEAPORT BLVD,42.3547449999745,-71.05147238054313
2023-09-27 23:09:59+00,ped,Intersection,,FATHER ANTHONY SONGIN WAY,BOSTON ST,42.328144434436126,-71.05785372970136
2023-06-12 05:50:54+00,mv,Intersection,,ATLANTIC AVE,KNEELAND ST,42.349539915306416,-71.0570505659401
2023-07-12 20:06:56+00,bike,Intersection,,SOUTHAMPTON ST,ELLERY ST,42.329758837192905,-71.05825757845017
2023-09-09 07:18:09+00,mv,Intersection,,SLEEPER ST,SEAPORT BLVD,42.35313075845314,-71.04841533529859
2023-07-30 06:20:46+00,mv,Street,NORTHERN AVE,D ST,HARBORVIEW LN,42.34869728000313,-71.03861429087868
2024-11-11 17:23:00+00,mv,Intersection,,W BROADWAY,B ST,42.34081387892014,-71.05391559093216
2023-04-06 12:09:58+00,mv,Street,SUMMER ST,ATLANTIC AVE,DORCHESTER AVE,42.35171896273172,-71.05357973526463
2023-08-16 21:03:25+00,mv,Street,I93 ,,,42.35045793578271,-71.05953763347982
2025-08-16 15:16:45+00,bike,Street,SUMMER ST,DORCHESTER AVE,MELCHER ST,42.35051310995202,-71.05102346231399
2026-02-02 12:56:37+00,mv,Street,DORCHESTER AVE,A ST,MASSPORT HAUL RD,42.340026369347314,-71.05718982072244
2024-05-12 03:53:57+00,mv,Street,SOUTHAMPTON ST,ELLERY ST,BOSTON ST,42.329712623397704,-71.05810884367975
2023-07-26 21:43:12+00,mv,Intersection,,ATLANTIC AVE,SEAPORT BLVD,42.3547449999745,-71.05147238054313
2024-08-17 22:46:49+00,mv,Intersection,,PREBLE ST,OLD COLONY AVE,42.32922413817151,-71.05260013294145
2026-01-14 14:37:41+00,mv,Other,,,,42.34828434569976,-71.04312722927132
2023-10-08 15:24:45+00,mv,Street,NORTHERN AVE,COURTHOUSE WAY,FAN PIER BLVD,42.35324018885047,-71.04637293432533
2024-08-12 13:15:59+00,mv,Intersection,,OLD COLONY AVE,LARK ST,42.33283875600708,-71.0538133647556
2023-10-04 14:49:42+00,ped,Street,CONGRESS ST,DORCHESTER AVE,SLEEPER ST,42.35154926488291,-71.05035093294616
2025-04-06 07:27:58+00,mv,Street,BROADWAY ,C ST,D ST,42.3391560342437,-71.0513743575757
2024-08-07 14:09:31+00,mv,Intersection,,DORCHESTER ST,W SEVENTH ST,42.33355802332736,-71.04968469502461
2024-03-30 18:21:19+00,bike,Intersection,,DORCHESTER AVE,PREBLE ST,42.32951559009473,-71.05700727981439
2025-07-10 22:15:34+00,bike,Intersection,,ATLANTIC AVE,OLIVER ST,42.354774193504156,-71.05140813174425
2026-05-25 06:38:42+00,mv,Intersection,,ALBANY ST,KNEELAND ST,42.35015874861804,-71.05973320307133
2025-02-23 03:48:16+00,ped,Intersection,,CONGRESS ST,SEAPORT LN,42.34860918928474,-71.04152010878278
2024-06-27 15:34:59+00,bike,Intersection,,COLUMBIA RD,I ST,42.33058308619067,-71.03980543364656
2026-02-12 21:58:06+00,mv,Intersection,,SEAPORT BLVD,SLEEPER ST,42.35313075845314,-71.04841533529859
2024-06-25 15:17:40+00,ped,Intersection,,C ST,W BROADWAY,42.3398145101888,-71.05237097845934
2024-07-19 19:55:58+00,bike,Street,DORCHESTER ST,WOODWARD ST,PREBLE ST,42.32982600106716,-71.05670512303263
2023-01-31 12:10:57+00,ped,Intersection,,RICHARDS ST,MEDALLION AVE,42.34404135756671,-71.05201082303303
2024-12-09 08:34:47+00,mv,Street,BROADWAY ,DORCHESTER AVE,A ST,42.34189183902262,-71.05560921773609
2024-09-29 15:57:34+00,ped,Street,PURCHASE ST,OLIVER ST,PEARL ST,42.35464138985689,-71.05310547057861
2024-08-23 22:32:21+00,mv,Street,MASSPORT HAUL RD,PUMPHOUSE RD,RAMP,42.34594431602645,-71.03981454950149
2024-01-25 11:41:15+00,mv,Street,PIER 4 BLVD,CONGRESS ST,AUTUMN LN,42.3501580036064,-71.04462080339758
2023-02-17 22:31:36+00,ped,Intersection,,N ST,WILLIAM J DAY BLVD,42.33067848685723,-71.03114425507869
2024-07-08 16:33:38+00,bike,Street,OLD COLONY AVE,EWER ST,D ST,42.334879345792515,-71.05505552918805
2024-05-13 23:49:15+00,bike,Street,JAMES ONEILL ST,GENERAL JOZEF PILSUDSKI WAY,PATTERSON WAY,42.32962731730677,-71.0520958085151
2024-02-09 04:50:46+00,mv,Street,SLEEPER ST,SEAPORT BLVD,NORTHERN AVE,42.35314113053421,-71.04840280394455
2024-01-10 01:54:02+00,mv,Street,COLUMBIA RD,OLD HARBOR ST,COVINGTON ST,42.33043919591772,-71.04709047394425
2024-12-21 22:46:44+00,ped,Street,DORCHESTER AVE,SUMMER ST,FOUNDRY ST,42.34943316948802,-71.05414736444524
2023-06-22 21:09:33+00,mv,Street,MASSPORT HAUL RD,PUMPHOUSE RD,RAMP,42.34594431602645,-71.03981454950149
2025-09-17 12:34:01+00,mv,Intersection,,DORCHESTER ST,OLD COLONY AVE,42.3316007144107,-71.05304791839848
2023-11-01 22:32:07+00,mv,Intersection,,WILLIAM J DAY BLVD,L ST,42.32937294491154,-71.03520462436644
2023-12-03 20:45:40+00,mv,Street,I93 ,,,42.3505153403427,-71.0564272409312
2023-03-14 00:21:01+00,ped,Intersection,,L ST,E FOURTH ST,42.334783700144634,-71.03538772157115
2025-11-15 18:11:41+00,mv,Street,E ST,W FIRST ST,FARGO ST,42.34059340436203,-71.04601683664065
2025-09-15 03:45:20+00,mv,Intersection,,LINCOLN ST,KNEELAND ST,42.349962811525785,-71.05891466455644
2026-05-07 18:11:07+00,mv,Street,I90 ,,,42.35596016100973,-71.02716298252922
2024-07-16 23:46:33+00,bike,Street,DORCHESTER AVE,DEXTER ST,TRANSIT ST,42.3301664111603,-71.05695778774742
2023-06-24 22:43:08+00,bike,Street,SUMMER ST,WEST SIDE DR,WORLD TRADE CENTER AVE,42.347343999893965,-71.0444300009593
2025-08-20 11:07:16+00,mv,Other,,,,42.34683170094802,-71.03683062663681
2024-03-27 02:06:19+00,mv,Intersection,,CONGRESS ST,B ST,42.34927817357687,-71.04354111639395
2024-11-22 22:24:47+00,mv,Street,RAMP TO SURFACE RD,,,42.35507944715165,-71.05225967657873
2024-07-12 13:41:16+00,mv,Street,NINTH ST,PATTERSON WAY,MERCER ST,42.33163172704276,-71.05039656597108
2026-03-30 12:52:12+00,mv,Intersection,,ATLANTIC AVE,ESSEX ST,42.35180073588021,-71.05590175753605
2023-10-09 14:41:36+00,mv,Intersection,,KNEELAND ST,ATLANTIC AVE,42.349539915306416,-71.0570505659401
2025-01-25 09:23:34+00,mv,Street,LINCOLN ST,TUFTS ST,ESSEX ST,42.352053260432314,-71.05810296403845
2023-01-26 20:06:28+00,mv,Intersection,,W NINTH ST,LARK ST,42.33351253199392,-71.05287090746043
2023-08-25 09:30:10+00,mv,Other,,,,42.34854396643575,-71.05751222377758
2024-07-23 22:57:50+00,mv,Street,FAN PIER BLVD,SEAPORT BLVD,NORTHERN AVE,42.35266232856537,-71.0462969746233
2025-09-24 11:51:57+00,mv,Intersection,,COLONEL MICHAEL J. MCDONOUGH WAY,GENERAL LAWRENCE J LOGAN WAY,42.32739577463325,-71.05353425411168
2023-05-18 22:57:44+00,mv,Street,FOURTH ST,M ST,LEONARD PL,42.33480038683158,-71.03229991809827
2023-04-06 00:26:35+00,mv,Street,MASSPORT HAUL RD,RAMP - RT 90 EB TO HAUL ROAD,RAMP - RT 90 EB TO HAUL ROAD,42.34755069847749,-71.04688011342127
2026-06-05 04:31:41+00,mv,Intersection,,RAMP - RT 90 EB TO HAUL ROAD &,RAMP,42.34825317568204,-71.047102633823
2024-10-02 22:53:34+00,bike,Street,HIGH ST,FEDERAL ST,CONGRESS ST,42.35436028126976,-71.054976633509
2023-08-30 10:37:45+00,bike,Intersection,,A ST,DORCHESTER AVE,42.340595176678356,-71.05703916478565
2024-04-04 18:07:19+00,mv,Street,BROADWAY ,C ST,D ST,42.33903558373927,-71.05118743051848
2023-02-17 04:14:34+00,ped,Intersection,,ATLANTIC AVE,CONGRESS ST,42.353656503562426,-71.05361019963685
2024-12-03 03:49:13+00,mv,Intersection,,CONGRESS ST,PURCHASE ST,42.35417365854184,-71.05412021216806
2024-06-08 22:18:39+00,bike,Intersection,,PREBLE ST,OLD COLONY AVE,42.32922413817151,-71.05260013294145
2025-07-15 07:43:34+00,mv,Intersection,,DORCHESTER ST,TUDOR ST,42.33377912474108,-71.04921078962953
2025-07-06 13:59:56+00,mv,Intersection,,CONGRESS ST,B ST,42.34927817357687,-71.04354111639395
2025-09-01 08:09:51+00,ped,Street,MASSACHUSETTS TPKE,,,42.346786972587836,-71.0387673684075
2024-03-23 22:40:17+00,mv,Other,,,,42.34854396643575,-71.05751222377758
2024-08-28 09:19:29+00,mv,Street,SEAPORT BLVD,THOMSON PL,SLEEPER ST,42.35276785940946,-71.04750715317628
2024-12-02 15:53:38+00,mv,Street,NORTHERN AVE,HARBOR ST,TIDE ST,42.34581689185776,-71.03344187077433
2026-06-30 20:00:32+00,mv,Intersection,,KNEELAND ST,ALBANY ST,42.35015874861804,-71.05973320307133
2025-04-04 20:58:05+00,mv,Street,H ST,E FIFTH ST,STORY ST,42.333557819674276,-71.04148889485406
2023-05-28 14:03:28+00,bike,Street,FARNSWORTH ST,CONGRESS ST,DEAD END,42.35227780094479,-71.04780793561974
2023-03-16 09:02:47+00,mv,Street,SEAPORT BLVD,BOSTON WHARF RD,PIER 4 BLVD,42.35149128478023,-71.04507815397677
2026-07-07 00:06:51+00,ped,Street,PORT LN,CONGRESS ST,SILVER LINE WAY,42.347358980126884,-71.03935205968432
2026-07-08 21:25:25+00,bike,Street,D ST,ATHENS ST,W THIRD ST,42.33940453729207,-71.05015155129662
2023-06-02 22:53:29+00,mv,Street,ATLANTIC AVE,FORT HILL WHARF,SEAPORT BLVD,42.354388494572156,-71.05215520932036
2024-03-21 19:07:20+00,mv,Intersection,,HIGH ST,PEARL ST,42.355248752378365,-71.05401022646967
2025-05-15 23:16:05+00,bike,Street,SEAPORT BLVD,THOMSON PL,BOSTON WHARF RD,42.35196926813204,-71.04612337848715
2025-10-10 19:30:42+00,bike,Street,ATLANTIC AVE,FORT HILL WHARF,SEAPORT BLVD,42.35456982895249,-71.05179146488418
2026-07-09 21:14:39+00,bike,Intersection,,B ST,W BROADWAY,42.34081387892014,-71.05391559093216
2024-11-22 04:24:59+00,ped,Street,NORTHERN AVE,SLEEPER ST,COURTHOUSE WAY,42.35362680686265,-71.04722973462864
2024-03-14 21:49:04+00,bike,Intersection,,A ST,NECCO ST,42.34817201965357,-71.05017523735151
2023-05-21 15:03:02+00,mv,Intersection,,BAXTER ST,D ST,42.3358972633985,-71.05430368615211
2024-08-30 20:17:54+00,mv,Intersection,,CONGRESS ST,PIER 4 BLVD,42.3491862874351,-71.04540792943122
2025-08-18 03:45:42+00,mv,Street,ATLANTIC AVE,FORT HILL WHARF,SEAPORT BLVD,42.35456982895249,-71.05179146488418
2025-06-23 16:19:33+00,bike,Street,SEAPORT BLVD,THOMSON PL,BOSTON WHARF RD,42.35193326253371,-71.04604412583441
2024-07-12 12:13:16+00,mv,Street,NINTH ST,DORCHESTER ST,PATTERSON WAY,42.33200409597167,-71.05099104183897
2025-04-23 05:13:16+00,mv,Other,,,,42.32765628099736,-71.05859532046028
2024-09-26 18:22:12+00,mv,Intersection,,BINFORD ST,CHANNEL CENTER ST,42.34673679563883,-71.05063008846402
2026-02-22 23:20:59+00,ped,Intersection,,E FIRST ST,SUMMER ST,42.33816144991679,-71.03548938162207
2025-12-24 01:07:31+00,mv,Street,I93 ,,,42.3505153403427,-71.0564272409312
2025-06-26 18:36:36+00,mv,Intersection,,B ST,SEAPORT BLVD,42.35041962787092,-71.0427998725495
2025-07-17 14:08:31+00,mv,Intersection,,PUMPHOUSE RD,SUMMER ST,42.34519916906712,-71.04032909418292
2024-08-11 08:21:04+00,mv,Street,EIGHTH ST,BAY VIEW PL,K ST,42.33141915305185,-71.03858395659957
2023-07-28 14:57:36+00,mv,Other,,,,42.34854396643575,-71.05751222377758
2026-02-02 05:05:38+00,ped,Street,BROADWAY ,K ST,L ST,42.33560671806623,-71.0369993833969
2025-05-23 00:24:04+00,ped,Street,CONGRESS ST,WORLD TRADE CENTER AVE,SEAPORT LN,42.348622686556965,-71.04192689356258
2025-06-28 14:33:23+00,mv,Street,OLD COLONY AVE,COLONEL MICHAEL J. MCDONOUGH WAY,GENERAL LAWRENCE J LOGAN WAY,42.327239001555526,-71.0525477469996
2024-11-22 14:31:12+00,mv,Other,,,,42.34854396643575,-71.05751222377758
2025-08-21 19:28:34+00,mv,Street,SOUTH ST,BEACH ST,KNEELAND ST,42.350139184131926,-71.0575355805827
2026-01-15 14:13:27+00,mv,Street,PREBLE ST,WENDELLER ST,WARD ST,42.32922467523105,-71.05426923090546
2023-05-26 15:46:19+00,ped,Street,ELLERY ST,HUMBOLDT PL,WADLEIGH PL,42.33085956066523,-71.05826260286008
2025-02-04 13:40:09+00,ped,Street,NORTHERN AVE,COURTHOUSE WAY,FAN PIER BLVD,42.35324018885047,-71.04637293432533
2024-03-13 12:47:59+00,bike,Street,SUMMER ST,LINCOLN ST,HIGH ST,42.35336947515828,-71.05747188151506
2023-05-14 05:31:33+00,mv,Street,DORCHESTER AVE,DEXTER ST,TRANSIT ST,42.3301664111603,-71.05695778774742
2025-12-06 18:23:33+00,mv,Intersection,,ATLANTIC AVE,BEACH ST,42.35044926816397,-71.05661276997449
2023-02-10 13:39:00+00,ped,Street,BROADWAY ,A ST,MASSPORT HAUL RD,42.34134211281312,-71.05476337569299
2024-04-26 14:31:39+00,mv,Street,BLACK FALCON AVE,DESIGN CENTER PL,DRY DOCK AVE,42.34401622233604,-71.02709561212201
2024-05-15 19:27:50+00,mv,Street,COLUMBIA RD,OLD HARBOR ST,COVINGTON ST,42.33043919591772,-71.04709047394425
2025-07-28 15:45:45+00,mv,Intersection,,CONGRESS ST,PURCHASE ST,42.35417365854184,-71.05412021216806
2024-10-02 20:11:19+00,mv,Street,RAMP - ALBANY STREET TO RT 90 ,,,42.34598982819844,-71.0576206692148
2025-07-20 06:07:35+00,mv,Street,D ST,W SECOND ST,W FIRST ST,42.3403878397609,-71.0489849344993
2025-03-21 10:44:48+00,ped,Intersection,,C ST,W BROADWAY,42.3398145101888,-71.05237097845934
2025-08-12 15:43:33+00,mv,Intersection,,JOHN F. FITZGERALD SURFACE RD,KNEELAND ST,42.35015874861804,-71.05973320307133
2024-05-09 02:00:59+00,mv,Intersection,,DORCHESTER ST,OLD COLONY AVE,42.3316007144107,-71.05304791839848
2025-07-02 23:32:57+00,ped,Street,GENERAL JOZEF PILSUDSKI WAY,REV RICHARD A BURKE ST,MARY BOYLE WAY,42.33068423170828,-71.05093932933347
2024-10-14 12:57:30+00,ped,Intersection,,SUMMER ST,D ST,42.34635118243838,-71.04212712350787
2023-08-04 04:47:50+00,mv,Street,SEAPORT BLVD,SLEEPER ST,THOMSON PL,42.352322818708735,-71.04688715233434
2024-04-09 20:55:31+00,mv,Intersection,,OLD COLONY AVE,PREBLE ST,42.32922413817151,-71.05260013294145
2026-05-14 13:14:12+00,mv,Street,PURCHASE ST,OLIVER ST,PEARL ST,42.35464138985689,-71.05310547057861
2023-11-28 11:20:25+00,mv,Intersection,,A ST,W FOURTH ST,42.34113120346945,-71.05631878717512
2025-09-30 21:28:30+00,bike,Other,,,,42.35560388741009,-71.05108196117128
2024-04-28 19:13:04+00,bike,Intersection,,WILLIAM J DAY BLVD,BABE RUTH PARK DR,42.328654299399446,-71.04707228381898
2024-09-19 01:39:56+00,mv,Intersection,,NEW CYPHER ST,D ST,42.34134804713362,-71.04786735247943
2026-01-05 20:00:31+00,mv,Street,BROADWAY ,F ST,DORCHESTER ST,42.33667533450838,-71.04753513742236
2025-01-06 14:39:22+00,mv,Street,MASSPORT HAUL RD,PUMPHOUSE RD,RAMP,42.34594431602645,-71.03981454950149
2026-04-25 05:23:16+00,mv,Intersection,,CONGRESS ST,W SERVICE RD,42.349569853982814,-71.04720137910763
2024-02-29 07:41:30+00,mv,Street,I90 ,,,42.34706921462142,-71.04041565289161
2024-08-11 01:20:51+00,mv,Intersection,,W EIGHTH ST,DORCHESTER ST,42.33288100967038,-71.05111225803698
2024-04-17 23:03:37+00,ped,Street,FLAHERTY WAY,JOYCE HAYES WAY,LINSKY-BARRY CT,42.338253711543416,-71.05357249518725
2023-10-23 13:29:31+00,bike,Intersection,,A ST,W BROADWAY,42.341840125671645,-71.05549749653231
2025-06-23 06:05:13+00,ped,Intersection,,LINCOLN ST,KNEELAND ST,42.349962811525785,-71.05891466455644
2023-08-10 11:57:47+00,bike,Intersection,,DEXTER ST,DORCHESTER AVE,42.33036025822869,-71.0569513668833
2024-09-21 10:17:53+00,mv,Other,,,,42.34683170094802,-71.03683062663681
2024-02-18 04:01:57+00,mv,Street,SEAPORT BLVD,SLEEPER ST,THOMSON PL,42.35288466328245,-71.048085126934
2026-06-23 09:13:07+00,mv,Street,SOUTH BOSTON HAUL RD,PUMPHOUSE RD,RAMP,42.34594431602645,-71.03981454950149
2024-07-16 09:17:28+00,mv,Intersection,,A ST,W FOURTH ST,42.34113120346945,-71.05631878717512
2025-06-17 23:03:08+00,bike,Street,DORCHESTER AVE,BOSTON ST,GENERAL WILLIAM H DEVINE WAY,42.32892241820805,-71.05693947459949
2025-02-02 20:24:27+00,mv,Intersection,,SUMMER ST,E FIRST ST,42.33816144991679,-71.03548938162207
2024-12-25 02:55:35+00,mv,Other,,,,42.34638863794371,-71.0598634212231
2026-06-16 22:05:42+00,bike,Intersection,,FARGO ST,SUMMER ST,42.344646173221804,-71.03945712497027
2025-09-23 15:46:21+00,mv,Intersection,,N ST,E SIXTH ST,42.33321148177025,-71.03120175124052
2024-06-26 12:07:24+00,mv,Street,NORTHERN AVE,COURTHOUSE WAY,FAN PIER BLVD,42.35324018885047,-71.04637293432533
2026-07-23 09:53:38+00,mv,Street,I90 ,,,42.352084628909786,-71.02930743982168
2023-08-10 10:42:27+00,ped,Intersection,,SEAPORT BLVD,ATLANTIC AVE,42.3547449999745,-71.05147238054313
2024-01-13 18:43:38+00,mv,Intersection,,LINCOLN ST,KNEELAND ST,42.349962811525785,-71.05891466455644
2024-07-04 21:41:07+00,ped,Street,GENERAL LAWRENCE J LOGAN WAY,HENRY STERLING SQ,COLONEL MICHAEL J. MCDONOUGH WAY,42.32749656494546,-71.05377056696007
2023-02-27 19:38:17+00,mv,Other,,,,42.34683170094802,-71.03683062663681
2024-01-21 00:46:12+00,ped,Street,B ST,ORTON-MAROTTA WAY,DORCHESTER AVE,42.338463120661785,-71.0566953482206
2025-07-02 16:58:24+00,mv,Intersection,,B ST,W SEVENTH ST,42.33823015651972,-71.05702816417747
2026-03-11 07:01:56+00,mv,Intersection,,COLUMBIA RD,WILLIAM J DAY BLVD,42.33022654658828,-71.04408270640333
2024-11-06 11:03:56+00,ped,Intersection,,ATLANTIC AVE,SUMMER ST,42.3526299347741,-71.0553660838902
2025-08-28 15:42:18+00,mv,Intersection,,E BROADWAY,G ST,42.33549908652253,-71.04425790710557
2023-01-04 19:12:45+00,ped,Intersection,,KNEELAND ST,SOUTH ST,42.34967599252508,-71.05764869433953
2023-12-22 03:14:42+00,mv,Intersection,,E SEVENTH ST,L ST,42.33231354637211,-71.0352752656936
2023-06-07 21:33:16+00,mv,Intersection,,OLIVER ST,PURCHASE ST,42.355236205858844,-71.05207413646912
2025-11-13 13:08:45+00,mv,Intersection,,SEAPORT BLVD,FAN PIER BLVD,42.35234918016827,-71.04657313179565
2024-05-23 16:11:06+00,mv,Intersection,,KNEELAND ST,ALBANY ST,42.35015874861804,-71.05973320307133
2023-06-28 11:13:21+00,bike,Street,DORCHESTER AVE,DEXTER ST,TRANSIT ST,42.3301664111603,-71.05695778774742
2024-03-25 23:13:37+00,ped,Intersection,,OLD COLONY AVE,DORCHESTER ST,42.3316007144107,-71.05304791839848
2023-05-21 05:31:28+00,mv,Intersection,,E ST,W BROADWAY,42.337828760200324,-71.04928594947985
2025-04-01 14:28:44+00,mv,Street,BROADWAY ,A ST,MASSPORT HAUL RD,42.34134211281312,-71.05476337569299
2023-02-12 08:49:45+00,mv,Intersection,,DORCHESTER AVE,W FIFTH ST,42.340435171448355,-71.0570471647306
2024-02-10 05:49:52+00,mv,Intersection,,A ST,DORCHESTER AVE,42.340595176678356,-71.05703916478565
2024-01-27 23:35:39+00,mv,Street,SUMMER ST,D ST,WORLD TRADE CENTER AVE,42.34676835899812,-71.04301192631195
2023-12-21 06:11:32+00,mv,Street,DORCHESTER AVE,MASSPORT HAUL RD,W FIFTH ST,42.33909377488095,-71.05707394018098
2023-01-05 04:56:59+00,mv,Intersection,,ATLANTIC AVE,SUMMER ST,42.3526299347741,-71.0553660838902
2026-04-12 14:44:53+00,mv,Street,MASSPORT HAUL RD,PUMPHOUSE RD,RAMP,42.34594431602645,-71.03981454950149
2025-09-05 20:43:49+00,mv,Intersection,,OLD COLONY AVE,PATTERSON WAY,42.33023851046483,-71.05261737073926
2025-10-28 16:59:20+00,mv,Intersection,,SUMMER ST,CHAUNCY ST,42.35450000599698,-71.05913597815795
2026-01-09 13:15:26+00,mv,Other,,,,42.34854396643575,-71.05751222377758
2026-05-17 22:39:31+00,bike,Street,PREBLE ST,CARPENTER ST,MOHAWK ST,42.32935435028271,-71.05602498756498
2025-03-30 02:27:24+00,mv,Intersection,,CONGRESS ST,PURCHASE ST,42.35417365854184,-71.05412021216806
2023-12-22 23:10:18+00,mv,Intersection,,CONGRESS ST,PURCHASE ST,42.35417365854184,-71.05412021216806
2023-02-26 11:33:52+00,mv,Street,I93 ,,,42.35457412729668,-71.05226414410191
2025-07-14 04:09:21+00,mv,Intersection,,MASSPORT HAUL RD,RICHARDS ST,42.34375688089937,-71.05138555109099
2026-01-16 10:05:14+00,mv,Intersection,,CYPHER ST,MASSPORT HAUL RD,42.34375688089937,-71.05138555109099
2024-03-02 22:48:40+00,mv,Intersection,,E BROADWAY,FARRAGUT RD,42.33582268653178,-71.02505567924523
2025-01-21 01:55:54+00,mv,Street,MASSPORT HAUL RD,PUMPHOUSE RD,RAMP,42.34594431602645,-71.03981454950149
2023-01-16 22:26:25+00,mv,Intersection,,SEAPORT BLVD,THOMSON PL,42.352242190115426,-71.04667811502073
2024-12-10 21:44:56+00,ped,Intersection,,BOSTON WHARF RD,AUTUMN LN,42.35100869097297,-71.0460868602261
2023-05-26 16:26:29+00,ped,Intersection,,W BROADWAY,E ST,42.337828760200324,-71.04928594947985
2025-11-18 11:35:19+00,mv,Street,MASSPORT HAUL RD,PUMPHOUSE RD,RAMP,42.34594431602645,-71.03981454950149
2023-03-16 10:33:46+00,mv,Intersection,,E FIRST ST,M ST,42.338198322225445,-71.03341363933933
2024-08-30 17:12:11+00,bike,Intersection,,DRY DOCK AVE,TIDE ST,42.344711574442684,-71.03205815754636
2025-12-28 03:42:41+00,ped,Street,BROADWAY ,C ST,D ST,42.33938918689502,-71.05173619169993
2024-02-12 19:47:34+00,mv,Street,RAMP - TO I-93 NORTH ,,,42.34703940808833,-71.05631140254144
2025-11-14 01:22:55+00,mv,Intersection,,KNEELAND ST,ALBANY ST,42.35015874861804,-71.05973320307133
2024-08-20 21:29:43+00,bike,Intersection,,BEACH ST,JOHN F. FITZGERALD SURFACE RD,42.351100192400935,-71.05938914782281
2026-07-13 14:38:48+00,mv,Street,I90 ,,,42.35596016100973,-71.02716298252922
2025-11-21 04:53:33+00,mv,Street,ATLANTIC AVE,BEACH ST,EAST ST,42.35068695307248,-71.05649038088681
2024-10-20 21:09:48+00,mv,Street,INTERSTATE 93 ,,,42.32764161401364,-71.05862359538541
2025-10-28 16:18:34+00,mv,Intersection,,C ST,CYPHER ST,42.34234400560033,-71.0493946447682
2025-05-16 15:31:05+00,ped,Street,SUMMER ST,THOMAS J. BUTLER FREIGHT CORRI,POWER HOUSE ST,42.3409826678164,-71.03557917151815
2026-03-15 20:55:02+00,mv,Street,L ST,E THIRD ST,E BROADWAY,42.33628760105913,-71.03544574719267
2025-05-31 19:08:17+00,bike,Street,DORCHESTER ST,E FOURTH ST,GOLD ST,42.33474444397014,-71.0472269692513
2023-09-23 01:32:54+00,mv,Intersection,,SLEEPER ST,SEAPORT BLVD,42.35313075845314,-71.04841533529859
2023-07-21 16:42:54+00,mv,Intersection,,COLUMBIA ROAD ROTARY,PREBLE ST,42.32922413817151,-71.05260013294145
2026-03-13 19:40:34+00,mv,Street,SUMMER ST,THOMAS J. BUTLER FREIGHT CORRI,POWER HOUSE ST,42.3409826678164,-71.03557917151815
2025-01-30 20:35:24+00,mv,Intersection,,E EIGHTH ST,L ST,42.331495704846134,-71.03525142551561
2025-05-17 15:29:53+00,bike,Street,ATLANTIC AVE,ESSEX ST,SUMMER ST,42.352183253582155,-71.0556785299683
2023-10-17 14:38:22+00,mv,Street,SUMMER ST,ATLANTIC AVE,DORCHESTER AVE,42.35228832264528,-71.05472681122767
2025-09-29 11:02:37+00,mv,Street,SUMMER ST,WEST SIDE DR,WORLD TRADE CENTER AVE,42.347343999893965,-71.0444300009593
2023-08-07 00:23:32+00,mv,Intersection,,E SECOND ST,SUMMER ST,42.33733812709306,-71.03546698221894
2024-09-23 00:57:35+00,mv,Street,SEAPORT BLVD,PIER 4 BLVD,B ST,42.35079446016689,-71.04360126987564
2026-05-09 14:27:38+00,mv,Street,I93 ,,,42.3505153403427,-71.0564272409312
2024-05-27 20:49:19+00,mv,Street,I90 ,,,42.346991698264,-71.04084475742837
2025-10-10 21:18:44+00,ped,Street,OLD COLONY AVE,COLUMBIA ROAD ROTARY,GENERAL WILLIAM H DEVINE WAY,42.32881533450684,-71.05259498002174
2025-12-18 04:37:55+00,mv,Intersection,,SEAPORT BLVD,ATLANTIC AVE,42.3547449999745,-71.05147238054313
2025-08-09 12:03:17+00,ped,Street,SOUTHAMPTON ST,RAMP - RT 93 NB TO FRONTAGE RO,ELLERY ST,42.32993651327611,-71.05922156275602
2023-02-26 01:46:30+00,mv,Street,COLUMBIA RD,COLUMBIA ROAD ROTARY,BABE RUTH PARK DR,42.32926699984605,-71.05170000093852
2026-07-29 18:33:44+00,ped,Street,BROADWAY ,A ST,SOUTH BOSTON HAUL RD,42.34134211281312,-71.05476337569299
2024-01-29 01:28:20+00,mv,Street,I90 ,,,42.352084628909786,-71.02930743982168
2024-11-04 18:47:33+00,ped,Street,FAN PIER BLVD,NORTHERN AVE,BOND DR,42.35334574624262,-71.04571311856836
2025-12-27 02:52:09+00,mv,Intersection,,NORTHERN AVE,FAN PIER BLVD,42.35306757208928,-71.04595791864489
2025-08-28 03:05:05+00,mv,Intersection,,THOMSON PL,CONGRESS ST,42.35024180404928,-71.04825557089366
2023-09-18 00:20:15+00,bike,Street,ATLANTIC AVE,ESSEX ST,SUMMER ST,42.352183253582155,-71.0556785299683
2025-09-14 16:06:21+00,mv,Street,FARNSWORTH ST,CONGRESS ST,DEAD END,42.35135452177113,-71.04851391988448
2023-04-03 02:28:31+00,mv,Street,DRY DOCK AVE,TIDE ST,BLACK FALCON AVE,42.344762427988975,-71.02794628980682
2023-10-16 22:42:31+00,mv,Street,DORCHESTER AVE,DEXTER ST,TRANSIT ST,42.3301664111603,-71.05695778774742
2024-02-18 03:44:46+00,mv,Other,,,,42.34683170094802,-71.03683062663681
2023-05-03 09:15:14+00,ped,Intersection,,D ST,SUMMER ST,42.34635118243838,-71.04212712350787
2025-02-02 05:59:39+00,mv,Street,I93 ,,,42.35457412729668,-71.05226414410191
2024-09-21 15:10:19+00,mv,Street,I93 ,,,42.35483458427184,-71.05179377553934
2025-03-09 18:06:34+00,mv,Street,OLD COLONY AVE,JENKINS ST,PREBLE ST,42.329721531468905,-71.05268539797343
2023-03-15 18:47:33+00,bike,Street,D ST,W SECOND ST,W FIRST ST,42.34043149265245,-71.0489335087402
2023-11-20 00:08:10+00,ped,Intersection,,FAN PIER BLVD,LIBERTY DR,42.35418863205687,-71.04500342385877
2025-10-01 11:33:39+00,mv,Street,I90 ,,,42.34741184541056,-71.05141401467458
2025-11-13 22:43:09+00,bike,Street,INTERSTATE 93 ,,,42.32764161401364,-71.05862359538541
2025-01-21 00:19:15+00,mv,Other,,,,42.34854396643575,-71.05751222377758
2025-02-18 23:48:17+00,mv,Street,SUMMER ST,D ST,PUMPHOUSE RD,42.34569844202107,-71.04140461776426
2025-02-01 00:04:46+00,mv,Intersection,,ELLERY ST,SOUTHAMPTON ST,42.329758837192905,-71.05825757845017
2025-07-10 11:45:12+00,mv,Street,I93 ,,,42.3505153403427,-71.0564272409312
2025-07-19 07:38:47+00,mv,Street,COLUMBIA RD,COLUMBIA ROAD ROTARY,BABE RUTH PARK DR,42.32965463156827,-71.0511477393701
2023-12-10 07:43:05+00,mv,Intersection,,KNEELAND ST,LINCOLN ST,42.349962811525785,-71.05891466455644
2024-02-15 03:14:31+00,mv,Intersection,,PURCHASE ST,CONGRESS ST,42.35417365854184,-71.05412021216806
2025-06-06 01:33:19+00,mv,Intersection,,ATLANTIC AVE,NORTHERN AVE,42.35515114645637,-71.05102756912434
2026-01-15 13:46:16+00,ped,Intersection,,AUTUMN LN,PIER 4 BLVD,42.35032823261218,-71.04449661652845
2023-04-24 16:33:46+00,mv,Street,RAMP - RT 90 WB TO RT 93 ,,,42.34825889497628,-71.04315191903746
2025-05-15 23:19:22+00,bike,Intersection,,ALBANY ST,KNEELAND ST,42.35015874861804,-71.05973320307133
2023-02-10 23:03:44+00,ped,Intersection,,W BROADWAY,F ST,42.33683073701482,-71.04775071954947
2026-03-01 01:39:28+00,ped,Street,A ST,W FOURTH ST,SILVER ST,42.341241672037974,-71.05618071716445
2024-10-15 11:38:57+00,ped,Street,SUMMER ST,D ST,WORLD TRADE CENTER AVE,42.34676835899812,-71.04301192631195
2026-02-05 15:33:10+00,mv,Intersection,,DORCHESTER AVE,SOUTHAMPTON ST,42.32951559009473,-71.05700727981439
2024-10-23 20:31:23+00,mv,Street,I93 ,,,42.35045793578271,-71.05953763347982
2023-07-31 02:16:01+00,mv,Intersection,,SEAPORT BLVD,BOSTON WHARF RD,42.351711172836254,-71.04554313267623
2026-01-14 13:02:24+00,mv,Street,WEST SIDE DR,EAST SIDE DR,SUMMER ST,42.34677722542642,-71.04680723720506
2024-12-12 18:26:09+00,mv,Street,SEVENTH ST,DORCHESTER AVE,DALESSIO CT,42.3381831849771,-71.0569193818988
2025-10-10 00:11:17+00,mv,Other,,,,42.32951559009473,-71.05700727981439
2026-05-16 21:34:12+00,mv,Intersection,,CONGRESS ST,PURCHASE ST,42.35417365854184,-71.05412021216806
2025-10-23 21:08:47+00,bike,Intersection,,ATLANTIC AVE,SUMMER ST,42.35260486988443,-71.05541994085277
2026-05-01 14:02:07+00,mv,Intersection,,BOSTON WHARF RD,AUTUMN LN,42.35100869097297,-71.0460868602261
2023-03-20 09:56:43+00,mv,Street,INTERSTATE 93 ,,,42.32764161401364,-71.05862359538541
2025-07-21 00:01:45+00,bike,Street,SEAPORT BLVD,BOSTON WHARF RD,PIER 4 BLVD,42.3511630508498,-71.04436782057077
2025-02-01 18:38:57+00,ped,Intersection,,SLEEPER ST,SEAPORT BLVD,42.35313075845314,-71.04841533529859
2024-02-27 08:13:29+00,mv,Street,HUDSON ST,KNEELAND ST,BEACH ST,42.350965246743364,-71.0599733297041
2026-03-31 07:50:04+00,mv,Intersection,,A ST,W BROADWAY,42.341840125671645,-71.05549749653231
2024-06-19 00:07:13+00,ped,Street,WILLIAM J DAY BLVD,E FIRST ST,DEAD END,42.33855628991935,-71.02016489372657
2025-09-30 21:48:57+00,bike,Intersection,,CONGRESS ST,NORTHERN AVE,42.34827619235113,-71.03752510653273
2023-10-29 23:21:20+00,ped,Intersection,,E FIRST ST,DORCHESTER ST,42.338041854336026,-71.04244685959843
2026-07-25 19:44:52+00,ped,Street,SIXTH ST,D ST,E ST,42.336443151145126,-71.05248663659879
2023-03-28 22:12:44+00,ped,Street,BROADWAY ,F ST,DORCHESTER ST,42.33632555164449,-71.04698577709554
2025-03-08 06:56:36+00,mv,Street,SUMMER ST,KINGSTON ST,DEVONSHIRE ST,42.35392979285203,-71.05838048201882
2024-09-16 18:02:59+00,ped,Intersection,,NORTHERN AVE,PIER 4 BLVD,42.35184245481798,-71.04338299531462
2023-03-12 20:37:53+00,mv,Street,OLD COLONY AVE,C ST,D ST,42.335874657948494,-71.05579352845321
2024-06-03 17:53:15+00,mv,Street,ATLANTIC AVE,KNEELAND ST,BEACH ST,42.35022655385749,-71.05671804852179
2023-07-03 00:29:40+00,mv,Intersection,,COLUMBIA RD,WILLIAM J DAY BLVD,42.33021148240178,-71.04490704761945
2024-12-29 07:34:47+00,mv,Intersection,,CONGRESS ST,PURCHASE ST,42.35417365854184,-71.05412021216806
2025-01-21 05:30:11+00,mv,Street,I93 ,,,42.351944994801094,-71.0555164816523
2023-02-17 21:49:23+00,bike,Intersection,,A ST,MELCHER ST,42.34908926060443,-71.04947393764101
2025-01-08 12:02:45+00,mv,Street,MASSPORT HAUL RD,PUMPHOUSE RD,RAMP,42.34594431602645,-71.03981454950149
2025-07-05 06:16:06+00,mv,Street,MASSPORT HAUL RD,PUMPHOUSE RD,RAMP,42.34594431602645,-71.03981454950149
2023-09-22 18:43:00+00,mv,Intersection,,CONGRESS ST,D ST,42.348081119935905,-71.04038728472769
2025-05-12 18:52:54+00,mv,Street,RAMP - TO I-93 NORTH ,,,42.347420820651294,-71.05400076890433
2025-01-23 19:11:11+00,mv,Street,DORCHESTER ST,MIDDLE ST,WOODWARD ST,42.33054876419558,-71.05518423863214
2025-02-10 12:45:33+00,mv,Intersection,,G ST,COLUMBIA RD,42.33049929912376,-71.0440865848439
2026-01-06 01:34:31+00,mv,Intersection,,DORCHESTER AVE,PREBLE ST,42.32951559009473,-71.05700727981439
2025-01-15 00:34:31+00,mv,Intersection,,SUMMER ST,PUMPHOUSE RD,42.34519916906712,-71.04032909418292
2026-06-15 10:11:17+00,mv,Intersection,,COLUMBIA RD,FARRAGUT RD,42.333128182873345,-71.02494804565495
2025-10-22 12:55:24+00,mv,Other,,,,42.34854396643575,-71.05751222377758
2023-01-07 15:40:47+00,mv,Other,,,,42.34854396643575,-71.05751222377758
2025-05-04 14:46:34+00,mv,Street,MASSPORT HAUL RD,PUMPHOUSE RD,RAMP,42.34594431602645,-71.03981454950149
2026-05-02 02:50:59+00,mv,Intersection,,CONGRESS ST,B ST,42.34927817357687,-71.04354111639395
2026-05-07 03:32:22+00,mv,Street,RAMP - TO I-93 NORTH ,,,42.348490067740585,-71.04753363118733
2023-05-09 22:49:00+00,ped,Intersection,,OLD COLONY AVE,PREBLE ST,42.32922413817151,-71.05260013294145
2024-07-25 11:59:51+00,mv,Street,BOSTON ST,SOUTHAMPTON ST,ELLERY ST,42.329239171499,-71.05722130862046
2023-08-23 18:30:45+00,mv,Street,NORTHERN AVE,COURTHOUSE WAY,FAN PIER BLVD,42.35324018885047,-71.04637293432533
2024-12-07 16:44:39+00,mv,Street,BOSTON ST,ELLERY ST,FATHER ANTHONY SONGIN WAY,42.328245684950716,-71.05780393367019
2024-05-03 00:14:39+00,mv,Street,I93 ,,,42.3505153403427,-71.0564272409312
2024-05-19 05:39:13+00,mv,Street,I93 ,,,42.349407608078025,-71.05986587860497
2024-02-06 18:43:21+00,mv,Intersection,,W SEVENTH ST,JOYCE HAYES WAY,42.33724743587129,-71.05538550803814
2024-05-28 16:43:11+00,bike,Street,SUMMER ST,DEVONSHIRE ST,LINCOLN ST,42.353628970709,-71.05792859933425
2024-11-22 01:32:31+00,ped,Street,SIXTH ST,H ST,HENDERSON AVE,42.33301675306379,-71.0413160560762
2024-11-15 22:22:33+00,mv,Street,MASSPORT HAUL RD,NORTHERN AVE,STARBOARD LN,42.347642408348065,-71.03636972347344
2024-01-17 11:58:45+00,mv,Intersection,,OLD COLONY AVE,DORCHESTER ST,42.3316007144107,-71.05304791839848
2024-01-29 04:57:15+00,mv,Street,I93 ,,,42.35483458427184,-71.05179377553934
2023-02-23 23:21:31+00,ped,Intersection,,E FOURTH ST,G ST,42.33459339930403,-71.0442316234951
2023-09-18 22:59:27+00,ped,Intersection,,B ST,CONGRESS ST,42.34927817357687,-71.04354111639395
2025-05-05 18:47:48+00,mv,Street,INTERSTATE 93 ,,,42.32764161401364,-71.05862359538541
2023-11-17 00:36:41+00,ped,Street,D ST,FARGO ST,INMAN ST,42.34570717968667,-71.04271452875274
2025-06-09 19:54:57+00,mv,Street,BROADWAY ,DORCHESTER AVE,A ST,42.34286235045106,-71.05739727303717
2023-07-31 06:04:38+00,mv,Intersection,,LINCOLN ST,KNEELAND ST,42.349962811525785,-71.05891466455644
2023-07-27 16:45:10+00,mv,Street,WILLIAM J DAY BLVD,COLUMBIA RD,I ST,42.33024502267452,-71.0415052964417
2025-10-10 04:57:25+00,mv,Intersection,,ATLANTIC AVE,SEAPORT BLVD,42.3547449999745,-71.05147238054313
2024-05-09 18:42:35+00,mv,Intersection,,SOUTHAMPTON ST,DORCHESTER AVE,42.32951559009473,-71.05700727981439
2024-04-28 06:27:02+00,mv,Intersection,,KNEELAND ST,LINCOLN ST,42.349962811525785,-71.05891466455644
2023-05-29 23:39:27+00,mv,Street,INTERSTATE 93 ,,,42.32764161401364,-71.05862359538541
2024-01-28 20:50:38+00,mv,Street,C ST,BOLTON ST,W SECOND ST,42.34098852650482,-71.05097770311265
2023-03-05 21:43:54+00,mv,Street,MASSPORT HAUL RD,RAMP - HAUL ROAD TO RT 90 WB,RAMP - HAUL ROAD TO RT 90 EB,42.348343740387186,-71.04484326083252
2025-04-22 12:48:59+00,mv,Intersection,,W BROADWAY,DORCHESTER AVE,42.34287135944381,-71.05716164723452
2023-09-09 14:23:56+00,ped,Street,BLACK FALCON AVE,DESIGN CENTER PL,DRY DOCK AVE,42.34390599407692,-71.03330151529276
2026-06-15 20:29:06+00,mv,Intersection,,KNEELAND ST,LINCOLN ST,42.349962811525785,-71.05891466455644
2023-11-08 15:45:32+00,mv,Street,OLD COLONY AVE,COLONEL MICHAEL J. MCDONOUGH WAY,GENERAL LAWRENCE J LOGAN WAY,42.327239001555526,-71.0525477469996
